Symbol,Name,LastSale,MarketCap,ADR TSO,IPOyear,Sector,Industry,Summary Quote
SHLM,"A. Schulman, Inc.",36.25,1068096100,n/a,1972,Basic Industries,Major Chemicals,http://www.nasdaq.com/symbol/shlm
ADES,"Advanced Emissions Solutions, Inc.",11.57,244164602.5,n/a,n/a,Basic Industries,Major Chemicals,http://www.nasdaq.com/symbol/ades
ASIX,AdvanSix Inc.,44.05,1342774652,n/a,2016,Basic Industries,Major Chemicals,http://www.nasdaq.com/symbol/asix
AEGN,Aegion Corp,22.57,745084880,n/a,n/a,Basic Industries,Water Supply,http://www.nasdaq.com/symbol/aegn
AMTX,"Aemetis, Inc",0.62,12289926.44,n/a,n/a,Basic Industries,Major Chemicals,http://www.nasdaq.com/symbol/amtx
AEM,Agnico Eagle Mines Limited,44.36,10300980258,n/a,n/a,Basic Industries,Precious Metals,http://www.nasdaq.com/symbol/aem
AGU,Agrium Inc.,107.65,14874771489,n/a,n/a,Basic Industries,Agricultural Chemicals,http://www.nasdaq.com/symbol/agu
APD,"Air Products and Chemicals, Inc.",154.22,33613385447,n/a,n/a,Basic Industries,Major Chemicals,http://www.nasdaq.com/symbol/apd
AKS,AK Steel Holding Corporation,6.19,1948909702,n/a,n/a,Basic Industries,Steel/Iron Ore,http://www.nasdaq.com/symbol/aks
AGI,Alamos Gold Inc.,7.11,2137647068,n/a,2015,Basic Industries,Precious Metals,http://www.nasdaq.com/symbol/agi
AIN,Albany International Corporation,57.7,1852170000,n/a,n/a,Basic Industries,Textiles,http://www.nasdaq.com/symbol/ain
ALB,Albemarle Corporation,140.78,15552351633,n/a,n/a,Basic Industries,Major Chemicals,http://www.nasdaq.com/symbol/alb
AA,Alcoa Corporation,47.93,8835393769,n/a,2016,Basic Industries,Aluminum,http://www.nasdaq.com/symbol/aa
AXU,Alexco Resource Corp,1.32,133551996.6,n/a,n/a,Basic Industries,Precious Metals,http://www.nasdaq.com/symbol/axu
ALO,Alio Gold Inc.,4.05,176680683,n/a,2011,Basic Industries,Precious Metals,http://www.nasdaq.com/symbol/alo
ATI,Allegheny Technologies Incorporated,24.62,2680617820,n/a,n/a,Basic Industries,Steel/Iron Ore,http://www.nasdaq.com/symbol/ati
AAU,"Almaden Minerals, Ltd.",1.1301,114519940.2,n/a,2015,Basic Industries,Precious Metals,http://www.nasdaq.com/symbol/aau
ACH,Aluminum Corporation of China Limited,22,13115342438,n/a,2001,Basic Industries,Aluminum,http://www.nasdaq.com/symbol/ach
AMRK,"A-Mark Precious Metals, Inc.",16.15,113557917.5,n/a,n/a,Basic Industries,Other Specialty Stores,http://www.nasdaq.com/symbol/amrk
AMRC,"Ameresco, Inc.",7.7,350564406.5,n/a,2010,Basic Industries,Engineering & Construction,http://www.nasdaq.com/symbol/amrc
AVD,American Vanguard Corporation,22.9,682049592.5,n/a,n/a,Basic Industries,Agricultural Chemicals,http://www.nasdaq.com/symbol/avd
AMWD,American Woodmark Corporation,98.85,1606303604,n/a,1986,Basic Industries,Forest Products,http://www.nasdaq.com/symbol/amwd
USAS,Americas Silver Corporation,4.5014,183677367.3,n/a,2017,Basic Industries,Precious Metals,http://www.nasdaq.com/symbol/usas
AMRS,"Amyris, Inc.",3,112819674,n/a,2010,Basic Industries,Major Chemicals,http://www.nasdaq.com/symbol/amrs
AU,AngloGold Ashanti Limited,9.5,3879080204,n/a,n/a,Basic Industries,Precious Metals,http://www.nasdaq.com/symbol/au
AQMS,"Aqua Metals, Inc.",5.37,108288649.1,n/a,2015,Basic Industries,Metal Fabrications,http://www.nasdaq.com/symbol/aqms
RKDA,"Arcadia Biosciences, Inc.",0.3267,13938597.02,n/a,2015,Basic Industries,Agricultural Chemicals,http://www.nasdaq.com/symbol/rkda
MT,ArcelorMittal,29.84,30424972110,n/a,n/a,Basic Industries,Steel/Iron Ore,http://www.nasdaq.com/symbol/mt
AGX,"Argan, Inc.",67.65,1051532590,n/a,n/a,Basic Industries,Engineering & Construction,http://www.nasdaq.com/symbol/agx
AKG,Asanko Gold Inc.,0.978,198974057.9,n/a,n/a,Basic Industries,Mining & Quarrying of Nonmetallic Minerals (No Fuels),http://www.nasdaq.com/symbol/akg
APWC,Asia Pacific Wire & Cable Corporation Limited,2.9659,40987756.29,n/a,n/a,Basic Industries,Telecommunications Equipment,http://www.nasdaq.com/symbol/apwc
AUG,Auryn Resources Inc.,1.75,137333402.5,n/a,n/a,Basic Industries,Precious Metals,http://www.nasdaq.com/symbol/aug
ASM,Avino Silver,1.47,77495684.91,n/a,n/a,Basic Industries,Precious Metals,http://www.nasdaq.com/symbol/asm
AXTA,Axalta Coating Systems Ltd.,29.31,7127159028,n/a,2014,Basic Industries,Paints/Coatings,http://www.nasdaq.com/symbol/axta
BTG,B2Gold Corp,2.57,2515584647,n/a,n/a,Basic Industries,Precious Metals,http://www.nasdaq.com/symbol/btg
BCPC,Balchem Corporation,83.83,2679040900,n/a,n/a,Basic Industries,Major Chemicals,http://www.nasdaq.com/symbol/bcpc
BAA,BANRO CORPORATION,0.363,39842085.39,n/a,n/a,Basic Industries,Precious Metals,http://www.nasdaq.com/symbol/baa
ABX,Barrick Gold Corporation,16.03,18695201452,n/a,n/a,Basic Industries,Precious Metals,http://www.nasdaq.com/symbol/abx
BDC,Belden Inc,83.69,3540032099,n/a,n/a,Basic Industries,Telecommunications Equipment,http://www.nasdaq.com/symbol/bdc
BHP,BHP Billiton Limited,41.27,1.09856E+11,n/a,n/a,Basic Industries,Precious Metals,http://www.nasdaq.com/symbol/bhp
BIOA,BioAmber Inc.,0.67,34849228.58,n/a,2013,Basic Industries,Major Chemicals,http://www.nasdaq.com/symbol/bioa
BAK,Braskem S.A.,29.5,11737071780,n/a,n/a,Basic Industries,Major Chemicals,http://www.nasdaq.com/symbol/bak
BBU,Brookfield Business Partners L.P.,29.71,1936655204,n/a,2016,Basic Industries,Engineering & Construction,http://www.nasdaq.com/symbol/bbu
BVN,Buenaventura Mining Company Inc.,14.3,3635897179,n/a,1996,Basic Industries,Precious Metals,http://www.nasdaq.com/symbol/bvn
CBT,Cabot Corporation,58.57,3644761374,n/a,n/a,Basic Industries,Major Chemicals,http://www.nasdaq.com/symbol/cbt
CMCL,Caledonia Mining Corporation Plc,5.6,59226076,n/a,n/a,Basic Industries,Precious Metals,http://www.nasdaq.com/symbol/cmcl
CCC,Calgon Carbon Corporation,21.45,1089504852,n/a,n/a,Basic Industries,Major Chemicals,http://www.nasdaq.com/symbol/ccc
CLXT,"Calyxt, Inc.",25.3,699545000,n/a,2017,Basic Industries,Agricultural Chemicals,http://www.nasdaq.com/symbol/clxt
CCJ,Cameco Corporation,9.01,3566092515,n/a,1996,Basic Industries,Precious Metals,http://www.nasdaq.com/symbol/ccj
CSL,Carlisle Companies Incorporated,103.8,6557238030,n/a,n/a,Basic Industries,Specialty Chemicals,http://www.nasdaq.com/symbol/csl
CRS,Carpenter Technology Corporation,50.09,2342085579,n/a,n/a,Basic Industries,Steel/Iron Ore,http://www.nasdaq.com/symbol/crs
CVCO,"Cavco Industries, Inc.",154.75,1395759114,n/a,n/a,Basic Industries,Homebuilding,http://www.nasdaq.com/symbol/cvco
CE,Celanese Corporation,105.6,14323201939,n/a,2005,Basic Industries,Major Chemicals,http://www.nasdaq.com/symbol/ce
LEU,Centrus Energy Corp.,3.6,32539503.6,n/a,2014,Basic Industries,Mining & Quarrying of Nonmetallic Minerals (No Fuels),http://www.nasdaq.com/symbol/leu
CENX,Century Aluminum Company,15.35,1340319588,n/a,1996,Basic Industries,Aluminum,http://www.nasdaq.com/symbol/cenx
CF,"CF Industries Holdings, Inc.",36.99,8627814853,n/a,2005,Basic Industries,Agricultural Chemicals,http://www.nasdaq.com/symbol/cf
CC,Chemours Company (The),55.89,10328525710,n/a,2015,Basic Industries,Major Chemicals,http://www.nasdaq.com/symbol/cc
CBI,Chicago Bridge & Iron Company N.V.,16,1618711232,n/a,1997,Basic Industries,Engineering & Construction,http://www.nasdaq.com/symbol/cbi
CADC,"China Advanced Construction Materials Group, Inc.",1.8003,4298500.697,n/a,n/a,Basic Industries,Engineering & Construction,http://www.nasdaq.com/symbol/cadc
CGA,"China Green Agriculture, Inc.",1.28,49345619.2,n/a,n/a,Basic Industries,Agricultural Chemicals,http://www.nasdaq.com/symbol/cga
CHNR,"China Natural Resources, Inc.",2.21,55053124.36,n/a,n/a,Basic Industries,Precious Metals,http://www.nasdaq.com/symbol/chnr
CHD,"Church & Dwight Company, Inc.",46.18,11522327883,n/a,n/a,Basic Industries,Package Goods/Cosmetics,http://www.nasdaq.com/symbol/chd
CINR,Ciner Resources LP,25.7,507080583.4,n/a,2013,Basic Industries,Mining & Quarrying of Nonmetallic Minerals (No Fuels),http://www.nasdaq.com/symbol/cinr
CLH,"Clean Harbors, Inc.",56.21,3212629713,n/a,n/a,Basic Industries,Environmental Services,http://www.nasdaq.com/symbol/clh
CLW,Clearwater Paper Corporation,44.75,735395321.3,n/a,n/a,Basic Industries,Paper,http://www.nasdaq.com/symbol/clw
CLF,Cleveland-Cliffs Inc.,7.02,2081472141,n/a,n/a,Basic Industries,Precious Metals,http://www.nasdaq.com/symbol/clf
CDXS,"Codexis, Inc.",7.3,352768171.1,n/a,2010,Basic Industries,Major Chemicals,http://www.nasdaq.com/symbol/cdxs
CDE,"Coeur Mining, Inc.",8.31,1542497954,n/a,n/a,Basic Industries,Precious Metals,http://www.nasdaq.com/symbol/cde
CMC,Commercial Metals Company,21.93,2539283297,n/a,n/a,Basic Industries,Steel/Iron Ore,http://www.nasdaq.com/symbol/cmc
CMP,"Compass Minerals International, Inc.",65.35,2210402190,n/a,2003,Basic Industries,Mining & Quarrying of Nonmetallic Minerals (No Fuels),http://www.nasdaq.com/symbol/cmp
LODE,"Comstock Mining, Inc.",0.132,27723569.94,n/a,n/a,Basic Industries,Precious Metals,http://www.nasdaq.com/symbol/lode
CSTM,Constellium N.V.,10.85,1146146510,n/a,2013,Basic Industries,Metal Fabrications,http://www.nasdaq.com/symbol/cstm
GLW,Corning Incorporated,30.06,27149700399,n/a,n/a,Basic Industries,Telecommunications Equipment,http://www.nasdaq.com/symbol/glw
CVA,Covanta Holding Corporation,15.35,2011231079,n/a,n/a,Basic Industries,Electric Utilities: Central,http://www.nasdaq.com/symbol/cva
CRWS,"Crown Crafts, Inc.",6.6,66381242.4,n/a,n/a,Basic Industries,Textiles,http://www.nasdaq.com/symbol/crws
CSWI,"CSW Industrials, Inc.",48.35,768183204.5,n/a,n/a,Basic Industries,Home Furnishings,http://www.nasdaq.com/symbol/cswi
CTIB,CTI Industries Corporation,3.91,13783637.57,n/a,1997,Basic Industries,Specialty Chemicals,http://www.nasdaq.com/symbol/ctib
CULP,"Culp, Inc.",30.3,376967178.3,n/a,n/a,Basic Industries,Textiles,http://www.nasdaq.com/symbol/culp
UAN,"CVR Partners, LP",3.23,365904002.8,n/a,2011,Basic Industries,Agricultural Chemicals,http://www.nasdaq.com/symbol/uan
DELT,Delta Technology Holdings Limited,1.43,13754958.36,n/a,n/a,Basic Industries,Major Chemicals,http://www.nasdaq.com/symbol/delt
DELTW,Delta Technology Holdings Limited,0.0198,0,n/a,2013,Basic Industries,Major Chemicals,http://www.nasdaq.com/symbol/deltw
DEL,Deltic Timber Corporation,89.12,1086101697,n/a,n/a,Basic Industries,Forest Products,http://www.nasdaq.com/symbol/del
DNN,Denison Mine Corp,0.4121,230398682.1,n/a,n/a,Basic Industries,Precious Metals,http://www.nasdaq.com/symbol/dnn
DDC,Dominion Diamond Corporation,14.19,1162359050,n/a,n/a,Basic Industries,Precious Metals,http://www.nasdaq.com/symbol/ddc
UFS,Domtar Corporation,44.37,2884098984,n/a,n/a,Basic Industries,Paper,http://www.nasdaq.com/symbol/ufs
DWDP,DowDuPont Inc.,71.18,1.66275E+11,n/a,2017,Basic Industries,Major Chemicals,http://www.nasdaq.com/symbol/dwdp
DRD,DRDGOLD Limited,3.55,153157564.8,n/a,n/a,Basic Industries,Precious Metals,http://www.nasdaq.com/symbol/drd
DY,"Dycom Industries, Inc.",84.47,2627763546,n/a,n/a,Basic Industries,Water Supply,http://www.nasdaq.com/symbol/dy
DD^A,E.I. du Pont de Nemours and Company,90.8718,0,n/a,n/a,Basic Industries,Major Chemicals,http://www.nasdaq.com/symbol/dd^a
DD^B,E.I. du Pont de Nemours and Company,104.25,0,n/a,n/a,Basic Industries,Major Chemicals,http://www.nasdaq.com/symbol/dd^b
EMN,Eastman Chemical Company,88.82,12868161484,n/a,n/a,Basic Industries,Major Chemicals,http://www.nasdaq.com/symbol/emn
ECL,Ecolab Inc.,132.8,38429836773,n/a,n/a,Basic Industries,Package Goods/Cosmetics,http://www.nasdaq.com/symbol/ecl
EGO,Eldorado Gold Corporation,2.17,1723003176,n/a,n/a,Basic Industries,Precious Metals,http://www.nasdaq.com/symbol/ego
EMES,Emerge Energy Services LP,7.47,225226341.5,n/a,2013,Basic Industries,Mining & Quarrying of Nonmetallic Minerals (No Fuels),http://www.nasdaq.com/symbol/emes
EMX,EMX Royalty Corporation,0.7421,58982246.77,n/a,n/a,Basic Industries,Precious Metals,http://www.nasdaq.com/symbol/emx
EXK,Endeavour Silver Corporation,2.3,293149743,n/a,n/a,Basic Industries,Precious Metals,http://www.nasdaq.com/symbol/exk
UUUU,Energy Fuels Inc,1.39,99727975.55,n/a,n/a,Basic Industries,Mining & Quarrying of Nonmetallic Minerals (No Fuels),http://www.nasdaq.com/symbol/uuuu
NPO,EnPro Industries,79.49,1694990071,n/a,n/a,Basic Industries,Metal Fabrications,http://www.nasdaq.com/symbol/npo
EGI,Entree Resources Ltd.,0.4471,77445753.05,n/a,2017,Basic Industries,Precious Metals,http://www.nasdaq.com/symbol/egi
EVA,"Enviva Partners, LP",30.4,800036739.2,n/a,2015,Basic Industries,Forest Products,http://www.nasdaq.com/symbol/eva
EVGN,Evogene Ltd.,4.39,113042363.9,n/a,n/a,Basic Industries,Agricultural Chemicals,http://www.nasdaq.com/symbol/evgn
FMSA,Fairmount Santrol Holdings Inc.,3.88,869432623.2,n/a,2014,Basic Industries,Mining & Quarrying of Nonmetallic Minerals (No Fuels),http://www.nasdaq.com/symbol/fmsa
FOE,Ferro Corporation,23.69,1982714342,n/a,n/a,Basic Industries,Paints/Coatings,http://www.nasdaq.com/symbol/foe
FBR,Fibria Celulose S.A.,16.24,8995898651,n/a,1997,Basic Industries,Paper,http://www.nasdaq.com/symbol/fbr
AG,First Majestic Silver Corp.,7,1159509148,n/a,n/a,Basic Industries,Precious Metals,http://www.nasdaq.com/symbol/ag
FSI,Flexible Solutions International Inc.,1.96,22532142.36,n/a,n/a,Basic Industries,Major Chemicals,http://www.nasdaq.com/symbol/fsi
FTK,"Flotek Industries, Inc.",4.85,278063692,n/a,n/a,Basic Industries,Major Chemicals,http://www.nasdaq.com/symbol/ftk
FLR,Fluor Corporation,43.19,6042224637,n/a,n/a,Basic Industries,Military/Government/Technical,http://www.nasdaq.com/symbol/flr
FMC,FMC Corporation,94.55,12681839464,n/a,n/a,Basic Industries,Major Chemicals,http://www.nasdaq.com/symbol/fmc
FSM,Fortuna Silver Mines Inc.,4.36,695258169.9,n/a,n/a,Basic Industries,Precious Metals,http://www.nasdaq.com/symbol/fsm
FBHS,"Fortune Brands Home & Security, Inc.",67,10318727687,n/a,n/a,Basic Industries,Homebuilding,http://www.nasdaq.com/symbol/fbhs
FNV,Franco-Nevada Corporation,79.67,14785790064,n/a,n/a,Basic Industries,Precious Metals,http://www.nasdaq.com/symbol/fnv
FCX,"Freeport-McMoran, Inc.",14.83,21463568475,n/a,n/a,Basic Industries,Precious Metals,http://www.nasdaq.com/symbol/fcx
FF,FutureFuel Corp.,15.25,667187042.5,n/a,n/a,Basic Industries,Major Chemicals,http://www.nasdaq.com/symbol/ff
GFA,Gafisa SA,9.37,126807723.8,n/a,2007,Basic Industries,Homebuilding,http://www.nasdaq.com/symbol/gfa
GCP,GCP Applied Technologies Inc.,29.3,2098133797,n/a,2016,Basic Industries,Major Chemicals,http://www.nasdaq.com/symbol/gcp
BGC,General Cable Corporation,22.35,1112020071,n/a,1997,Basic Industries,Telecommunications Equipment,http://www.nasdaq.com/symbol/bgc
GMO,"General Moly, Inc",0.3298,29993083.19,n/a,n/a,Basic Industries,Precious Metals,http://www.nasdaq.com/symbol/gmo
GEVO,"Gevo, Inc.",0.6572,10658472.23,n/a,2011,Basic Industries,Major Chemicals,http://www.nasdaq.com/symbol/gevo
GLT,Glatfelter,19.03,829402111.8,n/a,n/a,Basic Industries,Paper,http://www.nasdaq.com/symbol/glt
GFI,Gold Fields Limited,3.97,3261484847,n/a,n/a,Basic Industries,Precious Metals,http://www.nasdaq.com/symbol/gfi
GORO,Gold Resource Corporation,3.71,210875743.3,n/a,n/a,Basic Industries,Precious Metals,http://www.nasdaq.com/symbol/goro
GSV,Gold Standard Ventures Corporation,1.53,357103026.6,n/a,n/a,Basic Industries,Mining & Quarrying of Nonmetallic Minerals (No Fuels),http://www.nasdaq.com/symbol/gsv
GG,Goldcorp Inc.,13.09,11348329148,n/a,n/a,Basic Industries,Precious Metals,http://www.nasdaq.com/symbol/gg
AUMN,Golden Minerals Company,0.43,39535215.66,n/a,n/a,Basic Industries,Precious Metals,http://www.nasdaq.com/symbol/aumn
GSS,"Golden Star Resources, Ltd",0.75,282142276.5,n/a,n/a,Basic Industries,Precious Metals,http://www.nasdaq.com/symbol/gss
GV,Goldfield Corporation (The),5.75,146345285.5,n/a,n/a,Basic Industries,Water Supply,http://www.nasdaq.com/symbol/gv
GRAM,Grana y Montero S.A.A.,4.47,590088088.3,n/a,2013,Basic Industries,Military/Government/Technical,http://www.nasdaq.com/symbol/gram
GVA,Granite Construction Incorporated,57.83,2304022610,n/a,n/a,Basic Industries,Military/Government/Technical,http://www.nasdaq.com/symbol/gva
GLDD,Great Lakes Dredge & Dock Corporation,5.2,319306884,n/a,n/a,Basic Industries,Military/Government/Technical,http://www.nasdaq.com/symbol/gldd
GPL,Great Panther Silver Limited,1.24,208375558.2,n/a,n/a,Basic Industries,Precious Metals,http://www.nasdaq.com/symbol/gpl
GPP,Green Plains Partners LP,20.05,637853336.7,n/a,2015,Basic Industries,Major Chemicals,http://www.nasdaq.com/symbol/gpp
GPRE,"Green Plains, Inc.",19.3,800643014.2,n/a,n/a,Basic Industries,Major Chemicals,http://www.nasdaq.com/symbol/gpre
SIM,"Grupo Simec, S.A. de C.V.",10.31,1710460662,n/a,1993,Basic Industries,Steel/Iron Ore,http://www.nasdaq.com/symbol/sim
GURE,"Gulf Resources, Inc.",1.74,81426515.52,n/a,n/a,Basic Industries,Major Chemicals,http://www.nasdaq.com/symbol/gure
FUL,H. B. Fuller Company,57.7,2904204060,n/a,n/a,Basic Industries,Home Furnishings,http://www.nasdaq.com/symbol/ful
HMY,Harmony Gold Mining Company Limited,1.66,726215188.1,n/a,n/a,Basic Industries,Precious Metals,http://www.nasdaq.com/symbol/hmy
HL,Hecla Mining Company,5,1995093540,n/a,n/a,Basic Industries,Mining & Quarrying of Nonmetallic Minerals (No Fuels),http://www.nasdaq.com/symbol/hl
HL^B,Hecla Mining Company,53.94,0,n/a,n/a,Basic Industries,Mining & Quarrying of Nonmetallic Minerals (No Fuels),http://www.nasdaq.com/symbol/hl^b
HCCI,"Heritage-Crystal Clean, Inc.",19.825,448336427.5,n/a,2008,Basic Industries,Miscellaneous,http://www.nasdaq.com/symbol/hcci
HXL,Hexcel Corporation,63.76,5727272095,n/a,n/a,Basic Industries,Major Chemicals,http://www.nasdaq.com/symbol/hxl
HCLP,Hi-Crush Partners LP,9.8,892098802,n/a,2012,Basic Industries,Mining & Quarrying of Nonmetallic Minerals (No Fuels),http://www.nasdaq.com/symbol/hclp
HBM,Hudbay Minerals Inc.,7.8,2037915266,n/a,n/a,Basic Industries,Precious Metals,http://www.nasdaq.com/symbol/hbm
HUN,Huntsman Corporation,28.97,7709704926,n/a,2005,Basic Industries,Major Chemicals,http://www.nasdaq.com/symbol/hun
HYGS,Hydrogenics Corporation,9.7,147759168.8,n/a,n/a,Basic Industries,Major Chemicals,http://www.nasdaq.com/symbol/hygs
IAG,Iamgold Corporation,5.74,2667915126,n/a,n/a,Basic Industries,Precious Metals,http://www.nasdaq.com/symbol/iag
NGVT,Ingevity Corporation,69.61,2933375563,n/a,2016,Basic Industries,Major Chemicals,http://www.nasdaq.com/symbol/ngvt
IOSP,Innospec Inc.,63.05,1521815341,n/a,n/a,Basic Industries,Major Chemicals,http://www.nasdaq.com/symbol/iosp
IBP,"Installed Building Products, Inc.",65.8,2096569147,n/a,2014,Basic Industries,Homebuilding,http://www.nasdaq.com/symbol/ibp
IFF,"Internationa Flavors & Fragrances, Inc.",150.36,11874791515,n/a,n/a,Basic Industries,Major Chemicals,http://www.nasdaq.com/symbol/iff
IP,International Paper Company,58.21,24035787564,n/a,n/a,Basic Industries,Paper,http://www.nasdaq.com/symbol/ip
THM,International Tower Hill Mines Ltd,0.5101,82836667.26,n/a,n/a,Basic Industries,Precious Metals,http://www.nasdaq.com/symbol/thm
IPI,"Intrepid Potash, Inc",3.78,492287986.3,n/a,2008,Basic Industries,Mining & Quarrying of Nonmetallic Minerals (No Fuels),http://www.nasdaq.com/symbol/ipi
ICL,Israel Chemicals Shs,4.25,5424657105,n/a,2014,Basic Industries,Agricultural Chemicals,http://www.nasdaq.com/symbol/icl
JEC,Jacobs Engineering Group Inc.,58.82,7076935123,n/a,n/a,Basic Industries,Military/Government/Technical,http://www.nasdaq.com/symbol/jec
JELD,"JELD-WEN Holding, Inc.",35.86,3773900411,n/a,2017,Basic Industries,Forest Products,http://www.nasdaq.com/symbol/jeld
KS,KapStone Paper and Packaging Corporation,23.1,2239043591,n/a,n/a,Basic Industries,Paper,http://www.nasdaq.com/symbol/ks
KBR,"KBR, Inc.",19.06,2666114153,n/a,2006,Basic Industries,Military/Government/Technical,http://www.nasdaq.com/symbol/kbr
KGC,Kinross Gold Corporation,4.16,5187493738,n/a,n/a,Basic Industries,Precious Metals,http://www.nasdaq.com/symbol/kgc
KL,Kirkland Lake Gold Ltd.,13,2697848517,n/a,n/a,Basic Industries,Precious Metals,http://www.nasdaq.com/symbol/kl
KLDX,Klondex Mines Ltd.,3.22,572007735.9,n/a,n/a,Basic Industries,Precious Metals,http://www.nasdaq.com/symbol/kldx
KMG,"KMG Chemicals, Inc.",54.82,652723759,n/a,n/a,Basic Industries,Major Chemicals,http://www.nasdaq.com/symbol/kmg
KOP,Koppers Holdings Inc.,48.75,1011341224,n/a,2006,Basic Industries,Forest Products,http://www.nasdaq.com/symbol/kop
KRA,Kraton Corporation,41.99,1310509622,n/a,2009,Basic Industries,Major Chemicals,http://www.nasdaq.com/symbol/kra
KRO,Kronos Worldwide Inc,26.17,3033157905,n/a,n/a,Basic Industries,Major Chemicals,http://www.nasdaq.com/symbol/kro
FSTR,L.B. Foster Company,26.1,269935230.6,n/a,n/a,Basic Industries,Metal Fabrications,http://www.nasdaq.com/symbol/fstr
LAYN,Layne Christensen Company,13.09,260254751.7,n/a,1992,Basic Industries,Engineering & Construction,http://www.nasdaq.com/symbol/layn
LEN,Lennar Corporation,57.5,13527465295,n/a,n/a,Basic Industries,Homebuilding,http://www.nasdaq.com/symbol/len
LEN.B,Lennar Corporation,n/a,0,n/a,n/a,Basic Industries,Homebuilding,http://www.nasdaq.com/symbol/len.b
LMB,"Limbach Holdings, Inc.",13.3,99146206.6,n/a,n/a,Basic Industries,Engineering & Construction,http://www.nasdaq.com/symbol/lmb
LPX,Louisiana-Pacific Corporation,27.71,4012329331,n/a,n/a,Basic Industries,Forest Products,http://www.nasdaq.com/symbol/lpx
LXU,Lsb Industries Inc.,7.73,219571446.2,n/a,n/a,Basic Industries,Major Chemicals,http://www.nasdaq.com/symbol/lxu
LXFR,Luxfer Holdings PLC,12.49,329736000,n/a,2012,Basic Industries,Major Chemicals,http://www.nasdaq.com/symbol/lxfr
LYB,LyondellBasell Industries NV,98.94,39160842417,n/a,n/a,Basic Industries,Major Chemicals,http://www.nasdaq.com/symbol/lyb
MAG,MAG Silver Corporation,11.21,905733237.8,n/a,n/a,Basic Industries,Precious Metals,http://www.nasdaq.com/symbol/mag
MBII,"Marrone Bio Innovations, Inc.",0.9199,28839671.75,n/a,2013,Basic Industries,Agricultural Chemicals,http://www.nasdaq.com/symbol/mbii
MLM,"Martin Marietta Materials, Inc.",216.16,13583428255,n/a,1994,Basic Industries,Mining & Quarrying of Nonmetallic Minerals (No Fuels),http://www.nasdaq.com/symbol/mlm
MAS,Masco Corporation,40.09,12772422716,n/a,n/a,Basic Industries,Forest Products,http://www.nasdaq.com/symbol/mas
DOOR,Masonite International Corporation,67.35,1989822479,n/a,n/a,Basic Industries,Forest Products,http://www.nasdaq.com/symbol/door
MTZ,"MasTec, Inc.",42.9,3550056038,n/a,n/a,Basic Industries,Water Supply,http://www.nasdaq.com/symbol/mtz
MTRX,Matrix Service Company,13.7,366096770.4,n/a,1990,Basic Industries,Engineering & Construction,http://www.nasdaq.com/symbol/mtrx
MUX,McEwen Mining Inc.,2.02,667159259.2,n/a,n/a,Basic Industries,Precious Metals,http://www.nasdaq.com/symbol/mux
MDU,"MDU Resources Group, Inc.",27.03,5279077283,n/a,n/a,Basic Industries,Mining & Quarrying of Nonmetallic Minerals (No Fuels),http://www.nasdaq.com/symbol/mdu
MTL,Mechel PAO,5.26,1094792057,n/a,2004,Basic Industries,Steel/Iron Ore,http://www.nasdaq.com/symbol/mtl
MERC,Mercer International Inc.,14.3,929747218.4,n/a,n/a,Basic Industries,Paper,http://www.nasdaq.com/symbol/merc
MRDN,"Meridian Waste Solutions, Inc",0.988,10053218.14,n/a,n/a,Basic Industries,Miscellaneous,http://www.nasdaq.com/symbol/mrdn
MRDNW,"Meridian Waste Solutions, Inc",0.115,0,n/a,n/a,Basic Industries,Miscellaneous,http://www.nasdaq.com/symbol/mrdnw
MSB,Mesabi Trust,23.4,307008234,n/a,n/a,Basic Industries,Precious Metals,http://www.nasdaq.com/symbol/msb
MEOH,Methanex Corporation,50.3,4272252833,n/a,n/a,Basic Industries,Major Chemicals,http://www.nasdaq.com/symbol/meoh
MTX,Minerals Technologies Inc.,72.35,2538995480,n/a,1992,Basic Industries,Major Chemicals,http://www.nasdaq.com/symbol/mtx
MON,Monsanto Company,122.15,53663308481,n/a,n/a,Basic Industries,Agricultural Chemicals,http://www.nasdaq.com/symbol/mon
MOS,Mosaic Company (The),21.41,7515972985,n/a,n/a,Basic Industries,Agricultural Chemicals,http://www.nasdaq.com/symbol/mos
MPVD,Mountain Province Diamonds Inc.,3.075,492753885.5,n/a,n/a,Basic Industries,Precious Metals,http://www.nasdaq.com/symbol/mpvd
MYRG,"MYR Group, Inc.",30.5,502995508,n/a,n/a,Basic Industries,Water Supply,http://www.nasdaq.com/symbol/myrg
NP,"Neenah Paper, Inc.",85.6,1438508000,n/a,n/a,Basic Industries,Paper,http://www.nasdaq.com/symbol/np
NSU,Nevsun Resources Ltd,2.36,712925735.4,n/a,n/a,Basic Industries,Precious Metals,http://www.nasdaq.com/symbol/nsu
NGD,New Gold Inc.,3.65,2103071713,n/a,n/a,Basic Industries,Precious Metals,http://www.nasdaq.com/symbol/ngd
NEWA,"Newater Technology, Inc.",10.3,109169700,n/a,2017,Basic Industries,Miscellaneous,http://www.nasdaq.com/symbol/newa
NEU,NewMarket Corporation,431.67,5116654441,n/a,n/a,Basic Industries,Major Chemicals,http://www.nasdaq.com/symbol/neu
NEM,Newmont Mining Corporation,37.79,20152330023,n/a,n/a,Basic Industries,Precious Metals,http://www.nasdaq.com/symbol/nem
NXE,Nexgen Energy Ltd.,2.16,731412763.2,n/a,n/a,Basic Industries,Precious Metals,http://www.nasdaq.com/symbol/nxe
NL,"NL Industries, Inc.",13.1,638164980.4,n/a,n/a,Basic Industries,Major Chemicals,http://www.nasdaq.com/symbol/nl
OSB,Norbord Inc.,36.88,3177628080,n/a,n/a,Basic Industries,Forest Products,http://www.nasdaq.com/symbol/osb
NAK,"Northern Dynasty Minerals, Ltd.",2.05,623238574.9,n/a,n/a,Basic Industries,Precious Metals,http://www.nasdaq.com/symbol/nak
NWPX,Northwest Pipe Company,19.86,191048334.3,n/a,1995,Basic Industries,Steel/Iron Ore,http://www.nasdaq.com/symbol/nwpx
NG,Novagold Resources Inc.,4.12,1325450193,n/a,n/a,Basic Industries,Precious Metals,http://www.nasdaq.com/symbol/ng
NUE,Nucor Corporation,60,19165556640,n/a,n/a,Basic Industries,Steel/Iron Ore,http://www.nasdaq.com/symbol/nue
OCIP,OCI Partners LP,7.05,613333009.5,n/a,2013,Basic Industries,Major Chemicals,http://www.nasdaq.com/symbol/ocip
OLN,Olin Corporation,35.13,5840648458,n/a,n/a,Basic Industries,Major Chemicals,http://www.nasdaq.com/symbol/oln
ZEUS,"Olympic Steel, Inc.",19.76,216721593.9,n/a,1994,Basic Industries,Metal Fabrications,http://www.nasdaq.com/symbol/zeus
OMN,OMNOVA Solutions Inc.,11,493538958,n/a,n/a,Basic Industries,Specialty Chemicals,http://www.nasdaq.com/symbol/omn
OPNT,"Opiant Pharmaceuticals, Inc.",32,65212416,n/a,n/a,Basic Industries,Precious Metals,http://www.nasdaq.com/symbol/opnt
OCC,Optical Cable Corporation,2.505,18371710.08,n/a,n/a,Basic Industries,Telecommunications Equipment,http://www.nasdaq.com/symbol/occ
TIS,Orchids Paper Products Company,13.07,136308219.4,n/a,2005,Basic Industries,Paper,http://www.nasdaq.com/symbol/tis
OEC,Orion Engineered Carbons S.A,23.4,1388093008,n/a,2014,Basic Industries,Major Chemicals,http://www.nasdaq.com/symbol/oec
ORN,"Orion Group Holdings, Inc.",7.06,199116639.4,n/a,n/a,Basic Industries,Military/Government/Technical,http://www.nasdaq.com/symbol/orn
OR,Osisko Gold Royalties Ltd,12.69,1992326282,n/a,2016,Basic Industries,Precious Metals,http://www.nasdaq.com/symbol/or
OSN,"Ossen Innovation Co., Ltd.",1.81,3590200.16,1983536,2010,Basic Industries,Steel/Iron Ore,http://www.nasdaq.com/symbol/osn
PEIX,"Pacific Ethanol, Inc.",5,219855635,n/a,n/a,Basic Industries,Major Chemicals,http://www.nasdaq.com/symbol/peix
PAAS,Pan American Silver Corp.,16.96,2597869454,n/a,n/a,Basic Industries,Precious Metals,http://www.nasdaq.com/symbol/paas
PZG,Paramount Gold Nevada Corp.,1.26,29074442.04,n/a,2015,Basic Industries,Precious Metals,http://www.nasdaq.com/symbol/pzg
PATK,"Patrick Industries, Inc.",84.75,1425890952,n/a,n/a,Basic Industries,Forest Products,http://www.nasdaq.com/symbol/patk
PESI,"Perma-Fix Environmental Services, Inc.",3.6,42170140.8,n/a,n/a,Basic Industries,Environmental Services,http://www.nasdaq.com/symbol/pesi
PGLC,Pershing Gold Corporation,2.9,82396113.7,n/a,n/a,Basic Industries,Precious Metals,http://www.nasdaq.com/symbol/pglc
PAH,Platform Specialty Products Corporation,11.14,3194092337,n/a,2014,Basic Industries,Major Chemicals,http://www.nasdaq.com/symbol/pah
PLG,Platinum Group Metals Ltd.,0.4585,68073209.35,n/a,n/a,Basic Industries,Precious Metals,http://www.nasdaq.com/symbol/plg
PGEM,"Ply Gem Holdings, Inc.",16.7,1143269943,n/a,2013,Basic Industries,Forest Products,http://www.nasdaq.com/symbol/pgem
PLM,Polymet Mining Corp.,0.5966,190445668.8,n/a,n/a,Basic Industries,Precious Metals,http://www.nasdaq.com/symbol/plm
POL,PolyOne Corporation,41.76,3415614543,n/a,n/a,Basic Industries,Major Chemicals,http://www.nasdaq.com/symbol/pol
PKX,POSCO,74.4,23807603894,n/a,1994,Basic Industries,Steel/Iron Ore,http://www.nasdaq.com/symbol/pkx
POT,Potash Corporation of Saskatchewan Inc.,19.27,16189960241,n/a,1989,Basic Industries,Agricultural Chemicals,http://www.nasdaq.com/symbol/pot
PPG,"PPG Industries, Inc.",117.76,30203058893,n/a,n/a,Basic Industries,Paints/Coatings,http://www.nasdaq.com/symbol/ppg
PQG,PQ Group Holdings Inc.,16.87,2281156778,n/a,2017,Basic Industries,Major Chemicals,http://www.nasdaq.com/symbol/pqg
PX,"Praxair, Inc.",143.14,40947361134,n/a,n/a,Basic Industries,Major Chemicals,http://www.nasdaq.com/symbol/px
PLPC,Preformed Line Products Company,72.25,369629627.3,n/a,n/a,Basic Industries,Water Supply,http://www.nasdaq.com/symbol/plpc
PVG,"Pretium Resources, Inc.",11.12,2018020948,n/a,n/a,Basic Industries,Precious Metals,http://www.nasdaq.com/symbol/pvg
PRIM,Primoris Services Corporation,27.93,1436643929,n/a,n/a,Basic Industries,Water Supply,http://www.nasdaq.com/symbol/prim
PG,Procter & Gamble Company (The),88.25,2.24871E+11,n/a,n/a,Basic Industries,Package Goods/Cosmetics,http://www.nasdaq.com/symbol/pg
KWR,Quaker Chemical Corporation,150.84,2007675271,n/a,n/a,Basic Industries,Major Chemicals,http://www.nasdaq.com/symbol/kwr
GOLD,Randgold Resources Limited,97.58,3713734964,38058362,n/a,Basic Industries,Precious Metals,http://www.nasdaq.com/symbol/gold
RYAM,Rayonier Advanced Materials Inc.,14.04,607608378,n/a,2014,Basic Industries,Major Chemicals,http://www.nasdaq.com/symbol/ryam
RGSE,"Real Goods Solar, Inc.",2.23,16682420.38,n/a,n/a,Basic Industries,Engineering & Construction,http://www.nasdaq.com/symbol/rgse
RS,Reliance Steel & Aluminum Co.,77.12,5622343370,n/a,1994,Basic Industries,Metal Fabrications,http://www.nasdaq.com/symbol/rs
REGI,"Renewable Energy Group, Inc.",12.05,466208209.9,n/a,2012,Basic Industries,Major Chemicals,http://www.nasdaq.com/symbol/regi
RFP,Resolute Forest Products Inc.,5.95,534669368.1,n/a,n/a,Basic Industries,Paper,http://www.nasdaq.com/symbol/rfp
REX,REX American Resources Corporation,91.07,598035652.8,n/a,n/a,Basic Industries,Major Chemicals,http://www.nasdaq.com/symbol/rex
RIC,"Richmont Mines, Inc.",9.75,622404422.3,n/a,n/a,Basic Industries,Precious Metals,http://www.nasdaq.com/symbol/ric
RIO,Rio Tinto Plc,48.37,86462001005,n/a,2002,Basic Industries,Precious Metals,http://www.nasdaq.com/symbol/rio
ROG,Rogers Corporation,139.08,2533521057,n/a,n/a,Basic Industries,Major Chemicals,http://www.nasdaq.com/symbol/rog
RGLD,"Royal Gold, Inc.",86.74,5675233654,n/a,n/a,Basic Industries,Precious Metals,http://www.nasdaq.com/symbol/rgld
RPM,RPM International Inc.,52.17,6966559347,n/a,n/a,Basic Industries,Paints/Coatings,http://www.nasdaq.com/symbol/rpm
RYI,Ryerson Holding Corporation,8.95,332732906,n/a,2014,Basic Industries,Metal Fabrications,http://www.nasdaq.com/symbol/ryi
SAND          ,Sandstorm Gold Ltd,4.4,813255740,n/a,n/a,Basic Industries,Precious Metals,http://www.nasdaq.com/symbol/sand
SWM,"Schweitzer-Mauduit International, Inc.",41.6,1277447933,n/a,n/a,Basic Industries,Paper,http://www.nasdaq.com/symbol/swm
SMG,Scotts Miracle-Gro Company (The),98.7,5765191757,n/a,1992,Basic Industries,Agricultural Chemicals,http://www.nasdaq.com/symbol/smg
SA,"Seabridge Gold, Inc.",12.9,741325822.2,n/a,n/a,Basic Industries,Precious Metals,http://www.nasdaq.com/symbol/sa
SEE,Sealed Air Corporation,45.22,8593217466,n/a,n/a,Basic Industries,Major Chemicals,http://www.nasdaq.com/symbol/see
SNES,"SenesTech, Inc.",1.6,16520006.4,n/a,2016,Basic Industries,Agricultural Chemicals,http://www.nasdaq.com/symbol/snes
SXT,Sensient Technologies Corporation,79.19,3473775148,n/a,n/a,Basic Industries,Major Chemicals,http://www.nasdaq.com/symbol/sxt
SMED,Sharps Compliance Corp,4.05,64834068.6,n/a,n/a,Basic Industries,Environmental Services,http://www.nasdaq.com/symbol/smed
SBGL,Sibanye Gold Limited,4.85,53634418.55,n/a,n/a,Basic Industries,Precious Metals,http://www.nasdaq.com/symbol/sbgl
SMTS,Sierra Metals Inc.,2.47,401818192.1,n/a,n/a,Basic Industries,Precious Metals,http://www.nasdaq.com/symbol/smts
SVM,Silvercorp Metals Inc.,2.59,435623117.9,n/a,n/a,Basic Industries,Precious Metals,http://www.nasdaq.com/symbol/svm
SHI,"SINOPEC Shangai Petrochemical Company, Ltd.",62.55,6755400000,n/a,n/a,Basic Industries,Major Chemicals,http://www.nasdaq.com/symbol/shi
SKY,Skyline Corporation,11.66,97841905.04,n/a,n/a,Basic Industries,Homebuilding,http://www.nasdaq.com/symbol/sky
SND,"Smart Sand, Inc.",6.61,266863434.6,n/a,2016,Basic Industries,Mining & Quarrying of Nonmetallic Minerals (No Fuels),http://www.nasdaq.com/symbol/snd
SQM,Sociedad Quimica y Minera S.A.,59.3,15607553873,n/a,1993,Basic Industries,Mining & Quarrying of Nonmetallic Minerals (No Fuels),http://www.nasdaq.com/symbol/sqm
XPL,Solitario Zinc Corp.,0.68,39742848.88,n/a,n/a,Basic Industries,Precious Metals,http://www.nasdaq.com/symbol/xpl
SCCO,Southern Copper Corporation,43.13,33340666112,n/a,n/a,Basic Industries,Precious Metals,http://www.nasdaq.com/symbol/scco
SSRM,SSR Mining Inc.,9.81,1173104433,n/a,n/a,Basic Industries,Precious Metals,http://www.nasdaq.com/symbol/ssrm
STLD,"Steel Dynamics, Inc.",38.9,9331054799,n/a,1996,Basic Industries,Steel/Iron Ore,http://www.nasdaq.com/symbol/stld
SCL,Stepan Company,86.83,1956736105,n/a,n/a,Basic Industries,Package Goods/Cosmetics,http://www.nasdaq.com/symbol/scl
SRCL,"Stericycle, Inc.",72.69,6203269013,n/a,1996,Basic Industries,Environmental Services,http://www.nasdaq.com/symbol/srcl
SRCLP,"Stericycle, Inc.",58.83,0,n/a,n/a,Basic Industries,Environmental Services,http://www.nasdaq.com/symbol/srclp
STRL,Sterling Construction Company Inc,14.72,397884647,n/a,n/a,Basic Industries,Military/Government/Technical,http://www.nasdaq.com/symbol/strl
SUM,"Summit Materials, Inc.",31.77,3415426829,n/a,2015,Basic Industries,Mining & Quarrying of Nonmetallic Minerals (No Fuels),http://www.nasdaq.com/symbol/sum
SXCP,"SunCoke Energy Partners, L.P.",17.8,822781931.2,n/a,2013,Basic Industries,Steel/Iron Ore,http://www.nasdaq.com/symbol/sxcp
SXC,"SunCoke Energy, Inc.",10.28,661306417,n/a,2011,Basic Industries,Steel/Iron Ore,http://www.nasdaq.com/symbol/sxc
SYNL,Synalloy Corporation,14.35,125087414.6,n/a,n/a,Basic Industries,Steel/Iron Ore,http://www.nasdaq.com/symbol/synl
SYT,Syngenta AG,92.07,42453703032,n/a,n/a,Basic Industries,Agricultural Chemicals,http://www.nasdaq.com/symbol/syt
SYMX,"Synthesis Energy Systems, Inc.",0.4332,37906864.93,n/a,n/a,Basic Industries,Major Chemicals,http://www.nasdaq.com/symbol/symx
TAHO,"Tahoe Resources, Inc.",4.99,1560751047,n/a,n/a,Basic Industries,Precious Metals,http://www.nasdaq.com/symbol/taho
TANH,Tantech Holdings Ltd.,2.95,79095208.25,n/a,2015,Basic Industries,Major Chemicals,http://www.nasdaq.com/symbol/tanh
TRX,Tanzanian Royalty Exploration Corporation,0.2898,35293182.59,n/a,n/a,Basic Industries,Precious Metals,http://www.nasdaq.com/symbol/trx
TGB,Taseko Mines Limited,2.23,505081918.8,n/a,n/a,Basic Industries,Precious Metals,http://www.nasdaq.com/symbol/tgb
TECK,Teck Resources Ltd,22.74,12973306190,n/a,n/a,Basic Industries,Mining & Quarrying of Nonmetallic Minerals (No Fuels),http://www.nasdaq.com/symbol/teck
TS,Tenaris S.A.,26.29,15518158865,n/a,n/a,Basic Industries,Steel/Iron Ore,http://www.nasdaq.com/symbol/ts
TX,Ternium S.A.,31.82,6246510282,n/a,n/a,Basic Industries,Steel/Iron Ore,http://www.nasdaq.com/symbol/tx
TNH,"Terra Nitrogen Company, L.P.",79.75,1475500686,n/a,n/a,Basic Industries,Agricultural Chemicals,http://www.nasdaq.com/symbol/tnh
AES,The AES Corporation,11.13,7348657605,n/a,n/a,Basic Industries,Electric Utilities: Central,http://www.nasdaq.com/symbol/aes
TMST,Timken Steel Corporation,17.57,780547021.6,n/a,2014,Basic Industries,Steel/Iron Ore,http://www.nasdaq.com/symbol/tmst
TWI,"Titan International, Inc.",9.7,579098138.3,n/a,n/a,Basic Industries,Steel/Iron Ore,http://www.nasdaq.com/symbol/twi
BLD,TopBuild Corp.,65.3,2320912647,n/a,2015,Basic Industries,Engineering & Construction,http://www.nasdaq.com/symbol/bld
TORM          ,TOR Minerals International Inc,7.2645,25728701.44,n/a,1988,Basic Industries,Major Chemicals,http://www.nasdaq.com/symbol/torm
TREX,"Trex Company, Inc.",88.97,2616260005,n/a,n/a,Basic Industries,Forest Products,http://www.nasdaq.com/symbol/trex
TMQ,Trilogy Metals Inc.,1.07,113063823.8,n/a,n/a,Basic Industries,Precious Metals,http://www.nasdaq.com/symbol/tmq
TSE,Trinseo S.A.,72,3151652616,n/a,2014,Basic Industries,Major Chemicals,http://www.nasdaq.com/symbol/tse
TROX,Tronox Limited,26.33,3152895697,n/a,n/a,Basic Industries,Major Chemicals,http://www.nasdaq.com/symbol/trox
TRQ,Turquoise Hill Resources Ltd.,3.18,6399160011,n/a,n/a,Basic Industries,Precious Metals,http://www.nasdaq.com/symbol/trq
TPC,Tutor Perini Corporation,27.9,1388890179,n/a,n/a,Basic Industries,General Bldg Contractors - Nonresidential Bldgs,http://www.nasdaq.com/symbol/tpc
SLCA,"U.S. Silica Holdings, Inc.",27.99,2273157524,n/a,2012,Basic Industries,Mining & Quarrying of Nonmetallic Minerals (No Fuels),http://www.nasdaq.com/symbol/slca
UN,Unilever NV,56.32,1.62389E+11,n/a,n/a,Basic Industries,Package Goods/Cosmetics,http://www.nasdaq.com/symbol/un
UL,Unilever PLC,54.79,1.57977E+11,n/a,n/a,Basic Industries,Package Goods/Cosmetics,http://www.nasdaq.com/symbol/ul
USLM,"United States Lime & Minerals, Inc.",93.4,520861538.4,n/a,n/a,Basic Industries,Mining & Quarrying of Nonmetallic Minerals (No Fuels),http://www.nasdaq.com/symbol/uslm
X,United States Steel Corporation,28.43,4972736873,n/a,n/a,Basic Industries,Steel/Iron Ore,http://www.nasdaq.com/symbol/x
UFPI,"Universal Forest Products, Inc.",108.86,2223114427,n/a,1993,Basic Industries,Forest Products,http://www.nasdaq.com/symbol/ufpi
USAP,"Universal Stainless & Alloy Products, Inc.",21.79,157504155.8,n/a,1994,Basic Industries,Steel/Iron Ore,http://www.nasdaq.com/symbol/usap
URG,Ur Energy Inc,0.502,73296620.91,n/a,n/a,Basic Industries,Precious Metals,http://www.nasdaq.com/symbol/urg
UEC,Uranium Energy Corp.,1.2,187029002.4,n/a,n/a,Basic Industries,Precious Metals,http://www.nasdaq.com/symbol/uec
VALE,VALE S.A.,10.28,52976694239,n/a,n/a,Basic Industries,Precious Metals,http://www.nasdaq.com/symbol/vale
VHI,"Valhi, Inc.",3.36,1139614389,n/a,n/a,Basic Industries,Major Chemicals,http://www.nasdaq.com/symbol/vhi
VVV,Valvoline Inc.,24.03,4869083676,n/a,2016,Basic Industries,Major Chemicals,http://www.nasdaq.com/symbol/vvv
VNTR,Venator Materials PLC,23.85,2534580331,n/a,2017,Basic Industries,Major Chemicals,http://www.nasdaq.com/symbol/vntr
VRS,Verso Corporation,6.91,238087318.4,n/a,2016,Basic Industries,Paper,http://www.nasdaq.com/symbol/vrs
VSM,"Versum Materials, Inc.",39.69,4318100976,n/a,2016,Basic Industries,Major Chemicals,http://www.nasdaq.com/symbol/vsm
VERU,Veru Inc.,1.88,100031865.3,n/a,n/a,Basic Industries,Specialty Chemicals,http://www.nasdaq.com/symbol/veru
VGZ,Vista Gold Corporation,0.7303,72600588.71,n/a,n/a,Basic Industries,Precious Metals,http://www.nasdaq.com/symbol/vgz
VMC,Vulcan Materials Company,121.61,16085962142,n/a,n/a,Basic Industries,Mining & Quarrying of Nonmetallic Minerals (No Fuels),http://www.nasdaq.com/symbol/vmc
GRA,W.R. Grace & Co.,71.5,4878227712,n/a,n/a,Basic Industries,Major Chemicals,http://www.nasdaq.com/symbol/gra
WDFC,WD-40 Company,110.85,1553738226,n/a,1973,Basic Industries,Major Chemicals,http://www.nasdaq.com/symbol/wdfc
WST,"West Pharmaceutical Services, Inc.",93.84,6944390283,n/a,n/a,Basic Industries,Specialty Chemicals,http://www.nasdaq.com/symbol/wst
WRN,Western Copper and Gold Corporation,1.1,106245995.9,n/a,2011,Basic Industries,Precious Metals,http://www.nasdaq.com/symbol/wrn
WLK,Westlake Chemical Corporation,83.82,10817422035,n/a,2004,Basic Industries,Major Chemicals,http://www.nasdaq.com/symbol/wlk
WLKP,Westlake Chemical Partners LP,22.9,738175317,n/a,2014,Basic Industries,Major Chemicals,http://www.nasdaq.com/symbol/wlkp
WWR,"Westwater Resources, Inc.",1.1,30224601,n/a,n/a,Basic Industries,Precious Metals,http://www.nasdaq.com/symbol/wwr
WPM,Wheaton Precious Metals Corp.,20.91,9242332998,n/a,n/a,Basic Industries,Precious Metals,http://www.nasdaq.com/symbol/wpm
XRM,"Xerium Technologies, Inc.",4.82,78764902.12,n/a,2005,Basic Industries,Textiles,http://www.nasdaq.com/symbol/xrm
XIN,Xinyuan Real Estate Co Ltd,5.66,367803904.5,n/a,2007,Basic Industries,Homebuilding,http://www.nasdaq.com/symbol/xin
AUY,Yamana Gold Inc.,2.72,2579319299,n/a,n/a,Basic Industries,Precious Metals,http://www.nasdaq.com/symbol/auy
YTEN,"Yield10 Bioscience, Inc.",3.42,11814735.42,n/a,n/a,Basic Industries,Containers/Packaging,http://www.nasdaq.com/symbol/yten
