"Symbol","Name","LastSale","MarketCap","ADR TSO","IPOyear","Sector","Industry","Summary Quote",
"AXAS","Abraxas Petroleum Corporation","1.96","325065805.96","n/a","n/a","Energy","Oil & Gas Production","http://www.nasdaq.com/symbol/axas",
"AE","Adams Resources & Energy, Inc.","43.3","182621906.8","n/a","n/a","Energy","Oil Refining/Marketing","http://www.nasdaq.com/symbol/ae",
"AAV","Advantage Oil & Gas Ltd","5.45","1013494616.75","n/a","n/a","Energy","Oil & Gas Production","http://www.nasdaq.com/symbol/aav",
"ANW","Aegean Marine Petroleum Network Inc.","4.5","182852649","n/a","2006","Energy","Oil Refining/Marketing","http://www.nasdaq.com/symbol/anw",
"AHGP","Alliance Holdings GP, L.P.","28.15","1685143450","n/a","2006","Energy","Coal Mining","http://www.nasdaq.com/symbol/ahgp",
"ARLP","Alliance Resource Partners, L.P.","20.65","2699042081.05","n/a","1999","Energy","Coal Mining","http://www.nasdaq.com/symbol/arlp",
"ALDW","Alon USA Partners, LP","11.69","730967844.32","n/a","2012","Energy","Integrated oil Companies","http://www.nasdaq.com/symbol/aldw",
"AETI","American Electric Technologies, Inc.","1.6","13784430.4","n/a","n/a","Energy","Industrial Machinery/Components","http://www.nasdaq.com/symbol/aeti",
"AEUA","Anadarko Petroleum Corporation","38.2821","0","n/a","2015","Energy","Oil & Gas Production","http://www.nasdaq.com/symbol/aeua",
"APC","Anadarko Petroleum Corporation","49.01","27463152882.49","n/a","n/a","Energy","Oil & Gas Production","http://www.nasdaq.com/symbol/apc",
"ANDV","Andeavor","106.56","16719431192.64","n/a","n/a","Energy","Integrated oil Companies","http://www.nasdaq.com/symbol/andv",
"ANDX","Andeavor Logistics LP","45.95","4966052223.5","n/a","2011","Energy","Natural Gas Distribution","http://www.nasdaq.com/symbol/andx",
"AR","Antero Resources Corporation","19.46","6139044117.78","n/a","2013","Energy","Oil & Gas Production","http://www.nasdaq.com/symbol/ar",
"APA","Apache Corporation","41.53","15820194460.43","n/a","n/a","Energy","Oil & Gas Production","http://www.nasdaq.com/symbol/apa",
"AREX","Approach Resources Inc.","2.3","198954514.9","n/a","2007","Energy","Oil & Gas Production","http://www.nasdaq.com/symbol/arex",
"ARCX","Arc Logistic Partners LP","16.65","325439967.6","n/a","2013","Energy","Oil Refining/Marketing","http://www.nasdaq.com/symbol/arcx",
"ARCH","Arch Coal, Inc.","75.43","1777174398.54","n/a","2016","Energy","Coal Mining","http://www.nasdaq.com/symbol/arch",
"AT","Atlantic Power Corporation","2.5","288029940","n/a","n/a","Energy","Electric Utilities: Central","http://www.nasdaq.com/symbol/at",
"BHGE","Baker Hughes, a GE company","33.26","38087422853.48","n/a","2017","Energy","Metal Fabrications","http://www.nasdaq.com/symbol/bhge",
"BLDP","Ballard Power Systems, Inc.","4.99","879534620.57","n/a","n/a","Energy","Industrial Machinery/Components","http://www.nasdaq.com/symbol/bldp",
"BRN","Barnwell Industries, Inc.","1.924","15925255.84","n/a","n/a","Energy","Oil & Gas Production","http://www.nasdaq.com/symbol/brn",
"BAS","Basic Energy Services, Inc.","17.27","449506133.23","n/a","2005","Energy","Oilfield Services/Equipment","http://www.nasdaq.com/symbol/bas",
"BTE","Baytex Energy Corp","2.54","594878388.6","n/a","n/a","Energy","Oil & Gas Production","http://www.nasdaq.com/symbol/bte",
"BXE","Bellatrix Exploration Ltd","2.41","119001042.66","n/a","n/a","Energy","Oil & Gas Production","http://www.nasdaq.com/symbol/bxe",
"BBL","BHP Billiton plc","36.47","97078816481.5","n/a","n/a","Energy","Coal Mining","http://www.nasdaq.com/symbol/bbl",
"BBG","Bill Barrett Corporation","4.54","346309588.3","n/a","2004","Energy","Oil & Gas Production","http://www.nasdaq.com/symbol/bbg",
"BSM","Black Stone Minerals, L.P.","17.35","3401440312.55","n/a","2015","Energy","Oil & Gas Production","http://www.nasdaq.com/symbol/bsm",
"BKEP","Blueknight Energy Partners L.P., L.L.C.","5.65","215739458.75","n/a","2011","Energy","Natural Gas Distribution","http://www.nasdaq.com/symbol/bkep",
"BKEPP","Blueknight Energy Partners L.P., L.L.C.","7.91","238554676.29","n/a","n/a","Energy","Natural Gas Distribution","http://www.nasdaq.com/symbol/bkepp",
"BCEI","Bonanza Creek Energy, Inc.","32.93","672749724.63","n/a","2017","Energy","Oil & Gas Production","http://www.nasdaq.com/symbol/bcei",
"BP","BP p.l.c.","38.75","127920417402.5","n/a","n/a","Energy","Integrated oil Companies","http://www.nasdaq.com/symbol/bp",
"BPT","BP Prudhoe Bay Royalty Trust","19.6","419440000","n/a","n/a","Energy","Integrated oil Companies","http://www.nasdaq.com/symbol/bpt",
"BGG","Briggs & Stratton Corporation","24.18","1033836404.64","n/a","n/a","Energy","Industrial Machinery/Components","http://www.nasdaq.com/symbol/bgg",
"BC","Brunswick Corporation","59.11","5244226195.8","n/a","n/a","Energy","Industrial Machinery/Components","http://www.nasdaq.com/symbol/bc",
"BPL","Buckeye Partners L.P.","53.41","7542774107.05","n/a","1986","Energy","Natural Gas Distribution","http://www.nasdaq.com/symbol/bpl",
"BWXT","BWX Technologies, Inc.","59.86","5945416177.06","n/a","n/a","Energy","Industrial Machinery/Components","http://www.nasdaq.com/symbol/bwxt",
"CJ","C","27.01","1708694924.67","n/a","2017","Energy","Oilfield Services/Equipment","http://www.nasdaq.com/symbol/cj",
"COG","Cabot Oil & Gas Corporation","25.53","11807440775.52","n/a","1990","Energy","Oil & Gas Production","http://www.nasdaq.com/symbol/cog",
"CRC","California Resources Corporation","10.63","454675406.13","n/a","2014","Energy","Oil & Gas Production","http://www.nasdaq.com/symbol/crc",
"CPE","Callon Petroleum Company","10.97","2214053105.15","n/a","n/a","Energy","Oil & Gas Production","http://www.nasdaq.com/symbol/cpe",
"CPE^A","Callon Petroleum Company","51.85","0","n/a","n/a","Energy","Oil & Gas Production","http://www.nasdaq.com/symbol/cpe^a",
"CLMT","Calumet Specialty Products Partners, L.P.","8","613837648","n/a","2006","Energy","Integrated oil Companies","http://www.nasdaq.com/symbol/clmt",
"CEI","Camber Energy, Inc.","0.1566","5953430.7234","n/a","n/a","Energy","Oil & Gas Production","http://www.nasdaq.com/symbol/cei",
"CNQ","Canadian Natural Resources Limited","33.02","40142458543.98","n/a","n/a","Energy","Oil & Gas Production","http://www.nasdaq.com/symbol/cnq",
"CPST","Capstone Turbine Corporation","1.09","46451374.6","n/a","2000","Energy","Industrial Machinery/Components","http://www.nasdaq.com/symbol/cpst",
"CRZO","Carrizo Oil & Gas, Inc.","15.94","1298183280.28","n/a","1997","Energy","Oil & Gas Production","http://www.nasdaq.com/symbol/crzo",
"CVE","Cenovus Energy Inc","9.91","12176391541.21","n/a","n/a","Energy","Oil & Gas Production","http://www.nasdaq.com/symbol/cve",
"CDEV","Centennial Resource Development, Inc.","18.55","5116586398","n/a","2016","Energy","Oil & Gas Production","http://www.nasdaq.com/symbol/cdev",
"CGG","CGG","5.13","113543054.37","n/a","n/a","Energy","Oil & Gas Production","http://www.nasdaq.com/symbol/cgg",
"CHK","Chesapeake Energy Corporation","3.8","3451690096.2","n/a","n/a","Energy","Oil & Gas Production","http://www.nasdaq.com/symbol/chk",
"CHKR","Chesapeake Granite Wash Trust","2.15","100512500","n/a","2011","Energy","Oil & Gas Production","http://www.nasdaq.com/symbol/chkr",
"CVX","Chevron Corporation","118.64","224823119022.96","n/a","n/a","Energy","Integrated oil Companies","http://www.nasdaq.com/symbol/cvx",
"SNP","China Petroleum & Chemical Corporation","73.42","88890482088.32","n/a","n/a","Energy","Integrated oil Companies","http://www.nasdaq.com/symbol/snp",
"CYD","China Yuchai International Limited","23.66","963248286","n/a","1994","Energy","Industrial Machinery/Components","http://www.nasdaq.com/symbol/cyd",
"XEC","Cimarex Energy Co","117.34","11179924861.58","n/a","n/a","Energy","Oil & Gas Production","http://www.nasdaq.com/symbol/xec",
"CKX","CKX Lands, Inc.","10.5","20396197.5","n/a","n/a","Energy","Oil & Gas Production","http://www.nasdaq.com/symbol/ckx",
"CLD","Cloud Peak Energy Inc","4.58","344136427.64","n/a","2009","Energy","Coal Mining","http://www.nasdaq.com/symbol/cld",
"CEO","CNOOC Limited","127.19","1199662693.88","n/a","2001","Energy","Oil & Gas Production","http://www.nasdaq.com/symbol/ceo",
"CNXC","CNX Coal Resources LP","15.1","412021589.8","n/a","2015","Energy","Coal Mining","http://www.nasdaq.com/symbol/cnxc",
"CIE","Cobalt International Energy, Inc.","1.04","31083448.24","n/a","2009","Energy","Oil & Gas Production","http://www.nasdaq.com/symbol/cie",
"CRK","Comstock Resources, Inc.","4.38","67797034.5","n/a","n/a","Energy","Oil & Gas Production","http://www.nasdaq.com/symbol/crk",
"CXO","Concho Resources Inc.","134.11","19943789252.81","n/a","2007","Energy","Oil & Gas Production","http://www.nasdaq.com/symbol/cxo",
"COP","ConocoPhillips","50.25","61151698857.75","n/a","n/a","Energy","Integrated oil Companies","http://www.nasdaq.com/symbol/cop",
"CNX","CONSOL Energy Inc.","15.88","3653499975.84","n/a","1999","Energy","Coal Mining","http://www.nasdaq.com/symbol/cnx",
"MCF","Contango Oil & Gas Company","4.11","105256401.3","n/a","n/a","Energy","Oil & Gas Production","http://www.nasdaq.com/symbol/mcf",
"CLR","Continental Resources, Inc.","37.9","14220805860.8","n/a","2007","Energy","Oil & Gas Production","http://www.nasdaq.com/symbol/clr",
"CLB","Core Laboratories N.V.","89.49","3949918926.96","n/a","1995","Energy","Oilfield Services/Equipment","http://www.nasdaq.com/symbol/clb",
"CPG","Crescent Point Energy Corporation","7.23","3943607469.27","n/a","n/a","Energy","Oil & Gas Production","http://www.nasdaq.com/symbol/cpg",
"CRT","Cross Timbers Royalty Trust","14.84","89040000","n/a","1992","Energy","Oil & Gas Production","http://www.nasdaq.com/symbol/crt",
"CAPL","CrossAmerica Partners LP","26.11","884109848.37","n/a","2012","Energy","Oil Refining/Marketing","http://www.nasdaq.com/symbol/capl",
"CCLP","CSI Compressco LP","5.4","195524798.4","n/a","2011","Energy","Oilfield Services/Equipment","http://www.nasdaq.com/symbol/cclp",
"CMI","Cummins Inc.","177.1","29685609676.8","n/a","n/a","Energy","Industrial Machinery/Components","http://www.nasdaq.com/symbol/cmi",
"CVI","CVR Energy Inc.","27.41","2380039080.5","n/a","2007","Energy","Integrated oil Companies","http://www.nasdaq.com/symbol/cvi",
"CVRR","CVR Refining, LP","10.8","1594080000","n/a","2013","Energy","Integrated oil Companies","http://www.nasdaq.com/symbol/cvrr",
"CELP","Cypress Energy Partners, L.P.","7.95","94468212.3","n/a","2014","Energy","Oilfield Services/Equipment","http://www.nasdaq.com/symbol/celp",
"DWSN","Dawson Geophysical Company","4.33","93968196.46","n/a","n/a","Energy","Oil & Gas Production","http://www.nasdaq.com/symbol/dwsn",
"DKL","Delek Logistics Partners, L.P.","29.15","710136471.55","n/a","2012","Energy","Natural Gas Distribution","http://www.nasdaq.com/symbol/dkl",
"DK","Delek US Holdings, Inc.","25.56","2080800544.32","n/a","2017","Energy","Integrated oil Companies","http://www.nasdaq.com/symbol/dk",
"DNR","Denbury Resources Inc.","1.19","479624653.13","n/a","n/a","Energy","Oil & Gas Production","http://www.nasdaq.com/symbol/dnr",
"DVN","Devon Energy Corporation","34.93","18356241779.33","n/a","n/a","Energy","Oil & Gas Production","http://www.nasdaq.com/symbol/dvn",
"DO","Diamond Offshore Drilling, Inc.","15.28","2096828422.48","n/a","1995","Energy","Oil & Gas Production","http://www.nasdaq.com/symbol/do",
"FANG","Diamondback Energy, Inc.","102.53","10061555266.29","n/a","2012","Energy","Oil & Gas Production","http://www.nasdaq.com/symbol/fang",
"DMLP","Dorchester Minerals, L.P.","14.5","468056723","n/a","n/a","Energy","Oil & Gas Production","http://www.nasdaq.com/symbol/dmlp",
"DRQ","Dril-Quip, Inc.","40.3","1524875027","n/a","1997","Energy","Metal Fabrications","http://www.nasdaq.com/symbol/drq",
"ESTE","Earthstone Energy, Inc.","9.04","533109384.08","n/a","n/a","Energy","Oil & Gas Production","http://www.nasdaq.com/symbol/este",
"ECT","ECA Marcellus Trust I","2.35","41371750","n/a","2010","Energy","Oil & Gas Production","http://www.nasdaq.com/symbol/ect",
"ECR","Eclipse Resources Corporation","2.26","593788878.92","n/a","2014","Energy","Oil & Gas Production","http://www.nasdaq.com/symbol/ecr",
"EC","Ecopetrol S.A.","9.94","20434997255.96","n/a","n/a","Energy","Oil & Gas Production","http://www.nasdaq.com/symbol/ec",
"ESES","Eco-Stim Energy Solutions, Inc.","1.33","98903848.68","n/a","n/a","Energy","Oilfield Services/Equipment","http://www.nasdaq.com/symbol/eses",
"EMR","Emerson Electric Company","65.78","42100490340.48","n/a","n/a","Energy","Consumer Electronics/Appliances","http://www.nasdaq.com/symbol/emr",
"EEQ","Enbridge Energy Management LLC","14.36","1257497632.28","n/a","2002","Energy","Oil & Gas Production","http://www.nasdaq.com/symbol/eeq",
"EEP","Enbridge Energy, L.P.","14.99","7557650690.01","n/a","n/a","Energy","Natural Gas Distribution","http://www.nasdaq.com/symbol/eep",
"ENB","Enbridge Inc","39.31","64701410378.79","n/a","n/a","Energy","Natural Gas Distribution","http://www.nasdaq.com/symbol/enb",
"ECA","Encana Corporation","11.38","11074355868.96","n/a","n/a","Energy","Oil & Gas Production","http://www.nasdaq.com/symbol/eca",
"NDRO","Enduro Royalty Trust","4.05","133650000","n/a","2011","Energy","Oil & Gas Production","http://www.nasdaq.com/symbol/ndro",
"EGN","Energen Corporation","52.67","5119375207.25","n/a","n/a","Energy","Oil & Gas Production","http://www.nasdaq.com/symbol/egn",
"ETP","Energy Transfer Partners, L.P.","17.54","25214092871.92","n/a","n/a","Energy","Natural Gas Distribution","http://www.nasdaq.com/symbol/etp",
"EXXI","Energy XXI Gulf Coast, Inc.","8.51","282714343.77","n/a","n/a","Energy","Oil & Gas Production","http://www.nasdaq.com/symbol/exxi",
"ENRJ","EnerJex Resources, Inc.","0.39","4025344.83","n/a","n/a","Energy","Oil & Gas Production","http://www.nasdaq.com/symbol/enrj",
"ERF","Enerplus Corporation","8.6","2082308927","n/a","n/a","Energy","Oil & Gas Production","http://www.nasdaq.com/symbol/erf",
"E","ENI S.p.A.","32.72","59455271998.8","n/a","n/a","Energy","Oil & Gas Production","http://www.nasdaq.com/symbol/e",
"ESV","ENSCO plc","5.12","2242967260.16","n/a","n/a","Energy","Oil & Gas Production","http://www.nasdaq.com/symbol/esv",
"ENSV","ENSERVCO Corporation","0.532","27167995.12","n/a","n/a","Energy","Oilfield Services/Equipment","http://www.nasdaq.com/symbol/ensv",
"EOG","EOG Resources, Inc.","96.84","55920075843.96","n/a","n/a","Energy","Oil & Gas Production","http://www.nasdaq.com/symbol/eog",
"EPE","EP Energy Corporation","2.74","700879176.8","n/a","2014","Energy","Oil & Gas Production","http://www.nasdaq.com/symbol/epe",
"EQT","EQT Corporation","63.35","11012282033.2","n/a","n/a","Energy","Oil & Gas Production","http://www.nasdaq.com/symbol/eqt",
"ERN","Erin Energy Corp.","2.8","597980300.4","n/a","n/a","Energy","Oil & Gas Production","http://www.nasdaq.com/symbol/ern",
"EVEP","EV Energy Partners, L.P.","0.625","30855543.125","n/a","2006","Energy","Oil & Gas Production","http://www.nasdaq.com/symbol/evep",
"EPM","Evolution Petroleum Corporation, Inc.","6.95","228696574.9","n/a","n/a","Energy","Oil & Gas Production","http://www.nasdaq.com/symbol/epm",
"XCO","EXCO Resources NL","1.23","26630301.96","n/a","2006","Energy","Oil & Gas Production","http://www.nasdaq.com/symbol/xco",
"XOG","Extraction Oil & Gas, Inc.","15.67","2690056677.4","n/a","2016","Energy","Oil & Gas Production","http://www.nasdaq.com/symbol/xog",
"XOM","Exxon Mobil Corporation","83.11","352145865365.08","n/a","n/a","Energy","Integrated oil Companies","http://www.nasdaq.com/symbol/xom",
"FPP","FieldPoint Petroleum Corporation","0.3352","3576325.5608","n/a","n/a","Energy","Oil & Gas Production","http://www.nasdaq.com/symbol/fpp",
"FELP","Foresight Energy LP","4.21","599461335.86","n/a","2014","Energy","Coal Mining","http://www.nasdaq.com/symbol/felp",
"FET","Forum Energy Technologies, Inc.","13.6","1469734442.4","n/a","2012","Energy","Metal Fabrications","http://www.nasdaq.com/symbol/fet",
"FI","Frank&#39;s International N.V.","6.7","1494458932.4","n/a","2013","Energy","Oilfield Services/Equipment","http://www.nasdaq.com/symbol/fi",
"GST","Gastar Exploration Inc.","0.7058","151004240.0772","n/a","n/a","Energy","Oil & Gas Production","http://www.nasdaq.com/symbol/gst",
"GEH","General Electric Capital Corporation","25.54","0","n/a","n/a","Energy","Consumer Electronics/Appliances","http://www.nasdaq.com/symbol/geh",
"GEK","General Electric Capital Corporation","25.46","0","n/a","n/a","Energy","Consumer Electronics/Appliances","http://www.nasdaq.com/symbol/gek",
"GE","General Electric Company","23.83","206318853180","n/a","n/a","Energy","Consumer Electronics/Appliances","http://www.nasdaq.com/symbol/ge",
"GEB","General Electric Company","25.17","0","n/a","n/a","Energy","Consumer Electronics/Appliances","http://www.nasdaq.com/symbol/geb",
"GEL","Genesis Energy, L.P.","23.83","2921062764.94","n/a","1996","Energy","Oil Refining/Marketing","http://www.nasdaq.com/symbol/gel",
"GPRK","Geopark Ltd","8.38","503357521.4","n/a","2014","Energy","Oil & Gas Production","http://www.nasdaq.com/symbol/gprk",
"GLP","Global Partners LP","18.05","613619912.15","n/a","2005","Energy","Oil Refining/Marketing","http://www.nasdaq.com/symbol/glp",
"GDP","Goodrich Petroleum Corporation","10.23","107808987.99","n/a","2017","Energy","Oil & Gas Production","http://www.nasdaq.com/symbol/gdp",
"GTE","Gran Tierra Energy Inc.","2.07","800586017.1","n/a","n/a","Energy","Oil & Gas Production","http://www.nasdaq.com/symbol/gte",
"GPOR","Gulfport Energy Corporation","13.72","2508769516.12","n/a","n/a","Energy","Oil & Gas Production","http://www.nasdaq.com/symbol/gpor",
"HK","Halcon Resources Corporation","6.39","958987946.79","n/a","n/a","Energy","Oil & Gas Production","http://www.nasdaq.com/symbol/hk",
"HNRG","Hallador Energy Company","5.4","160722624.6","n/a","n/a","Energy","Coal Mining","http://www.nasdaq.com/symbol/hnrg",
"HAL","Halliburton Company","43.33","37766229115.3","n/a","n/a","Energy","Oilfield Services/Equipment","http://www.nasdaq.com/symbol/hal",
"HLX","Helix Energy Solutions Group, Inc.","7.76","1146027351.12","n/a","n/a","Energy","Oilfield Services/Equipment","http://www.nasdaq.com/symbol/hlx",
"HP","Helmerich & Payne, Inc.","52","5646240444","n/a","n/a","Energy","Oil & Gas Production","http://www.nasdaq.com/symbol/hp",
"HES","Hess Corporation","45.03","14312500234.95","n/a","n/a","Energy","Integrated oil Companies","http://www.nasdaq.com/symbol/hes",
"HESM","Hess Midstream Partners LP","21.47","1171388342.76","n/a","2017","Energy","Oil & Gas Production","http://www.nasdaq.com/symbol/hesm",
"HEP","Holly Energy Partners, L.P.","33.68","2166262404.4","n/a","2004","Energy","Natural Gas Distribution","http://www.nasdaq.com/symbol/hep",
"HFC","HollyFrontier Corporation","36.71","6507917009.14","n/a","n/a","Energy","Integrated oil Companies","http://www.nasdaq.com/symbol/hfc",
"HOLI","Hollysys Automation Technologies, Ltd.","22.24","1342008281.76","n/a","n/a","Energy","Industrial Machinery/Components","http://www.nasdaq.com/symbol/holi",
"HUSA","Houston American Energy Corporation","0.3982","21596263.513","n/a","n/a","Energy","Oil & Gas Production","http://www.nasdaq.com/symbol/husa",
"HGT","Hugoton Royalty Trust","1.65","66000000","n/a","1999","Energy","Oil & Gas Production","http://www.nasdaq.com/symbol/hgt",
"IPWR","Ideal Power Inc.","2.16","30233049.12","n/a","2013","Energy","Industrial Machinery/Components","http://www.nasdaq.com/symbol/ipwr",
"IMO","Imperial Oil Limited","31.3","26216295597.7","n/a","n/a","Energy","Integrated oil Companies","http://www.nasdaq.com/symbol/imo",
"ICD","Independence Contract Drilling, Inc.","3.33","125898865.11","n/a","2014","Energy","Oil & Gas Production","http://www.nasdaq.com/symbol/icd",
"IO","Ion Geophysical Corporation","8.5","101011365","n/a","n/a","Energy","Oil & Gas Production","http://www.nasdaq.com/symbol/io",
"ISRL","Isramco, Inc.","110.55","300440740.05","n/a","1983","Energy","Oil & Gas Production","http://www.nasdaq.com/symbol/isrl",
"JAG","Jagged Peak Energy Inc.","13.68","2912891360.4","n/a","2017","Energy","Oil & Gas Production","http://www.nasdaq.com/symbol/jag",
"JONE","Jones Energy, Inc.","1.41","136026907.44","n/a","2013","Energy","Oil & Gas Production","http://www.nasdaq.com/symbol/jone",
"FRAC","Keane Group, Inc.","15.05","1683059198.8","n/a","2017","Energy","Oilfield Services/Equipment","http://www.nasdaq.com/symbol/frac",
"KEG","Key Energy Services, Inc.","10.58","212694299.98","n/a","2016","Energy","Oilfield Services/Equipment","http://www.nasdaq.com/symbol/keg",
"KRP","Kimbell Royalty Partners","16.83","277628218.56","n/a","2017","Energy","Oil & Gas Production","http://www.nasdaq.com/symbol/krp",
"PHG","Koninklijke Philips N.V.","41.57","38952960650","n/a","n/a","Energy","Consumer Electronics/Appliances","http://www.nasdaq.com/symbol/phg",
"KOS","Kosmos Energy Ltd.","7.51","2923544543.9","n/a","2011","Energy","Oil & Gas Production","http://www.nasdaq.com/symbol/kos",
"LPI","Laredo Petroleum, Inc.","11.6","2813061619.2","n/a","2011","Energy","Oil & Gas Production","http://www.nasdaq.com/symbol/lpi",
"LGCY","Legacy Reserves LP","1.55","112964403","n/a","2007","Energy","Oil & Gas Production","http://www.nasdaq.com/symbol/lgcy",
"LGCYO","Legacy Reserves LP","5.11","35770000","n/a","n/a","Energy","Oil & Gas Production","http://www.nasdaq.com/symbol/lgcyo",
"LGCYP","Legacy Reserves LP","5.1","10200000","n/a","n/a","Energy","Oil & Gas Production","http://www.nasdaq.com/symbol/lgcyp",
"LLEX","Lilis Energy, Inc.","4.85","246470762.9","n/a","n/a","Energy","Oil & Gas Production","http://www.nasdaq.com/symbol/llex",
"LONE","Lonestar Resources US Inc.","3.45","75294576.75","n/a","n/a","Energy","Oil & Gas Production","http://www.nasdaq.com/symbol/lone",
"MIC","Macquarie Infrastructure Company","70.88","5859501815.2","n/a","2004","Energy","Oil Refining/Marketing","http://www.nasdaq.com/symbol/mic",
"MMP","Magellan Midstream Partners L.P.","68.11","15530752509.16","n/a","n/a","Energy","Natural Gas Distribution","http://www.nasdaq.com/symbol/mmp",
"TUSK","Mammoth Energy Services, Inc.","17.26","768108368.98","n/a","2016","Energy","Oilfield Services/Equipment","http://www.nasdaq.com/symbol/tusk",
"MRO","Marathon Oil Corporation","13.93","11838200365.95","n/a","n/a","Energy","Oil & Gas Production","http://www.nasdaq.com/symbol/mro",
"MPC","Marathon Petroleum Corporation","57.49","29104535446.22","n/a","n/a","Energy","Integrated oil Companies","http://www.nasdaq.com/symbol/mpc",
"MARPS","Marine Petroleum Trust","3.8499","7699800","n/a","n/a","Energy","Oil & Gas Production","http://www.nasdaq.com/symbol/marps",
"MMLP","Martin Midstream Partners L.P.","16.55","636382453.6","n/a","2002","Energy","Oil Refining/Marketing","http://www.nasdaq.com/symbol/mmlp",
"MTDR","Matador Resources Company","25.79","2590337155.05","n/a","2012","Energy","Oil & Gas Production","http://www.nasdaq.com/symbol/mtdr",
"MTR","Mesa Royalty Trust","15.5178","28918816.902","n/a","n/a","Energy","Oil & Gas Production","http://www.nasdaq.com/symbol/mtr",
"MXC","Mexco Energy Corporation","4.3201","8801192.8466","n/a","n/a","Energy","Oil & Gas Production","http://www.nasdaq.com/symbol/mxc",
"MGEE","MGE Energy Inc.","67.55","2341848393.5","n/a","n/a","Energy","Electric Utilities: Central","http://www.nasdaq.com/symbol/mgee",
"MCEP","Mid-Con Energy Partners, LP","1.02","30693292.26","n/a","2011","Energy","Oil & Gas Production","http://www.nasdaq.com/symbol/mcep",
"MPO","MIDSTATES PETROLEUM COMPANY, INC.","14.75","369708882.75","n/a","2016","Energy","Oil & Gas Production","http://www.nasdaq.com/symbol/mpo",
"MPLX","MPLX LP","34.1","15276245431.7","n/a","2012","Energy","Natural Gas Distribution","http://www.nasdaq.com/symbol/mplx",
"MUR","Murphy Oil Corporation","25.73","4440300022.29","n/a","n/a","Energy","Oil & Gas Production","http://www.nasdaq.com/symbol/mur",
"MVO","MV Oil Trust","5.23","60145000","n/a","2007","Energy","Oil & Gas Production","http://www.nasdaq.com/symbol/mvo",
"NBR","Nabors Industries Ltd.","6.7","1915461184.3","n/a","n/a","Energy","Oil & Gas Production","http://www.nasdaq.com/symbol/nbr",
"NOV","National Oilwell Varco, Inc.","34.09","12955513078.62","n/a","n/a","Energy","Metal Fabrications","http://www.nasdaq.com/symbol/nov",
"NGS","Natural Gas Services Group, Inc.","28.1","363539900.3","n/a","2002","Energy","Oilfield Services/Equipment","http://www.nasdaq.com/symbol/ngs",
"NRP","Natural Resource Partners LP","26.5","324148159","n/a","2002","Energy","Coal Mining","http://www.nasdaq.com/symbol/nrp",
"NCSM","NCS Multistage Holdings, Inc.","20.57","895946467.46","n/a","2017","Energy","Oilfield Services/Equipment","http://www.nasdaq.com/symbol/ncsm",
"GBR","New Concept Energy, Inc","1.275","2482340.85","n/a","n/a","Energy","Oil & Gas Production","http://www.nasdaq.com/symbol/gbr",
"NFX","Newfield Exploration Company","29.78","5935726103.58","n/a","1993","Energy","Oil & Gas Production","http://www.nasdaq.com/symbol/nfx",
"NR","Newpark Resources, Inc.","9.45","808997102.55","n/a","n/a","Energy","Metal Fabrications","http://www.nasdaq.com/symbol/nr",
"NGL","NGL ENERGY PARTNERS LP","11.35","1378242338.05","n/a","2011","Energy","Oil Refining/Marketing","http://www.nasdaq.com/symbol/ngl",
"NE","Noble Corporation","3.78","925733434.5","n/a","n/a","Energy","Oil & Gas Production","http://www.nasdaq.com/symbol/ne",
"NBL","Noble Energy Inc.","27.76","13506490338.16","n/a","n/a","Energy","Oil & Gas Production","http://www.nasdaq.com/symbol/nbl",
"NBLX","Noble Midstream Partners LP","51.5","1850661255","n/a","2016","Energy","Natural Gas Distribution","http://www.nasdaq.com/symbol/nblx",
"NOA","North American Energy Partners, Inc.","4","113405800","n/a","2006","Energy","Oilfield Services/Equipment","http://www.nasdaq.com/symbol/noa",
"NRT","North European Oil Royality Trust","6.5109","59839012.431","n/a","n/a","Energy","Oil & Gas Production","http://www.nasdaq.com/symbol/nrt",
"NOG","Northern Oil and Gas, Inc.","0.706","45058351.768","n/a","n/a","Energy","Oil & Gas Production","http://www.nasdaq.com/symbol/nog",
"DNOW","NOW Inc.","12.67","1364829301.78","n/a","2014","Energy","Metal Fabrications","http://www.nasdaq.com/symbol/dnow",
"NS","Nustar Energy L.P.","34.77","3234689121.72","n/a","n/a","Energy","Natural Gas Distribution","http://www.nasdaq.com/symbol/ns",
"NSH","Nustar GP Holdings, LLC","17.95","770983894.55","n/a","n/a","Energy","Natural Gas Distribution","http://www.nasdaq.com/symbol/nsh",
"NSS","NuStar Logistics, L.P.","25.09","0","n/a","n/a","Energy","Natural Gas Distribution","http://www.nasdaq.com/symbol/nss",
"NES","Nuverra Environmental Solutions, Inc.","11","1789152530","n/a","2017","Energy","Oilfield Services/Equipment","http://www.nasdaq.com/symbol/nes",
"OMP","Oasis Midstream Partners LP","16.7","459250000","n/a","2017","Energy","Oil & Gas Production","http://www.nasdaq.com/symbol/omp",
"OAS","Oasis Petroleum Inc.","8.71","2067888491.11","n/a","2010","Energy","Oil & Gas Production","http://www.nasdaq.com/symbol/oas",
"OBE","Obsidian Energy Ltd.","1.02","514415491.26","n/a","n/a","Energy","Oil & Gas Production","http://www.nasdaq.com/symbol/obe",
"OXY","Occidental Petroleum Corporation","65.47","50056599744.01","n/a","n/a","Energy","Oil & Gas Production","http://www.nasdaq.com/symbol/oxy",
"ORIG","Ocean Rig UDW Inc.","26.2","2375307143.6","n/a","n/a","Energy","Oil & Gas Production","http://www.nasdaq.com/symbol/orig",
"OII","Oceaneering International, Inc.","24.81","2438069346.63","n/a","n/a","Energy","Oilfield Services/Equipment","http://www.nasdaq.com/symbol/oii",
"OIS","Oil States International, Inc.","23.2","1185527006.4","n/a","2001","Energy","Metal Fabrications","http://www.nasdaq.com/symbol/ois",
"ROYT","Pacific Coast Oil Trust","1.51","58260568.58","n/a","2012","Energy","Oil & Gas Production","http://www.nasdaq.com/symbol/royt",
"PHX","Panhandle Royalty Company","23.6","393435977.6","n/a","n/a","Energy","Oil & Gas Production","http://www.nasdaq.com/symbol/phx",
"PARR","Par Pacific Holdings, Inc.","20.61","943994945.43","n/a","n/a","Energy","Oil & Gas Production","http://www.nasdaq.com/symbol/parr",
"PKD","Parker Drilling Company","0.982","135766583.814","n/a","n/a","Energy","Oil & Gas Production","http://www.nasdaq.com/symbol/pkd",
"PE","Parsley Energy, Inc.","25.87","8133474966.5","n/a","2014","Energy","Oil & Gas Production","http://www.nasdaq.com/symbol/pe",
"PTEN","Patterson-UTI Energy, Inc.","18.92","4208153346.76","n/a","1993","Energy","Oil & Gas Production","http://www.nasdaq.com/symbol/pten",
"PBF","PBF Energy Inc.","27.73","3042417858.42","n/a","2012","Energy","Integrated oil Companies","http://www.nasdaq.com/symbol/pbf",
"PBFX","PBF Logistics LP","19.8","829477143","n/a","2014","Energy","Natural Gas Distribution","http://www.nasdaq.com/symbol/pbfx",
"PDCE","PDC Energy, Inc.","47.11","3102920925.51","n/a","n/a","Energy","Oil & Gas Production","http://www.nasdaq.com/symbol/pdce",
"BTU","Peabody Energy Corporation","29.96","3002702081.96","n/a","2017","Energy","Coal Mining","http://www.nasdaq.com/symbol/btu",
"PED","Pedevco Corp.","0.42","2555586.18","n/a","n/a","Energy","Oil & Gas Production","http://www.nasdaq.com/symbol/ped",
"PBA","Pembina Pipeline Corp.","32.86","16510466746.5","n/a","n/a","Energy","Oil & Gas Production","http://www.nasdaq.com/symbol/pba",
"PGH","Pengrowth Energy Corporation","1.01","557768565.04","n/a","n/a","Energy","Oil & Gas Production","http://www.nasdaq.com/symbol/pgh",
"PVAC","Penn Virginia Corporation","40.65","609425531.7","n/a","n/a","Energy","Oil & Gas Production","http://www.nasdaq.com/symbol/pvac",
"PBT","Permian Basin Royalty Trust","9.14","426004395.44","n/a","n/a","Energy","Oil & Gas Production","http://www.nasdaq.com/symbol/pbt",
"PZE","Petrobras Argentina S.A.","12.9","2604815497.8","n/a","n/a","Energy","Oil & Gas Production","http://www.nasdaq.com/symbol/pze",
"PTR","PetroChina Company Limited","64.23","117554374040.94","n/a","n/a","Energy","Oil & Gas Production","http://www.nasdaq.com/symbol/ptr",
"PBR","Petroleo Brasileiro S.A.- Petrobras","10.35","67505271612.75","n/a","n/a","Energy","Oil & Gas Production","http://www.nasdaq.com/symbol/pbr",
"PQ","Petroquest Energy Inc","1.68","35713077.12","n/a","n/a","Energy","Oil & Gas Production","http://www.nasdaq.com/symbol/pq",
"PSX","Phillips 66","90.8","46445179005.6","n/a","n/a","Energy","Integrated oil Companies","http://www.nasdaq.com/symbol/psx",
"PSXP","Phillips 66 Partners LP","50.96","6192802856.24","n/a","2013","Energy","Natural Gas Distribution","http://www.nasdaq.com/symbol/psxp",
"PES","Pioneer Energy Services Corp.","1.95","151552090.95","n/a","n/a","Energy","Oil & Gas Production","http://www.nasdaq.com/symbol/pes",
"PXD","Pioneer Natural Resources Company","144.75","24621622533.75","n/a","n/a","Energy","Oil & Gas Production","http://www.nasdaq.com/symbol/pxd",
"PAA","Plains All American Pipeline, L.P.","20.39","14776566426.65","n/a","1998","Energy","Natural Gas Distribution","http://www.nasdaq.com/symbol/paa",
"PAGP","Plains Group Holdings, L.P.","20.75","3184562633.5","n/a","2013","Energy","Natural Gas Distribution","http://www.nasdaq.com/symbol/pagp",
"PLUG","Plug Power, Inc.","2.7","614317108.5","n/a","1999","Energy","Industrial Machinery/Components","http://www.nasdaq.com/symbol/plug",
"PDS","Precision Drilling Corporation","2.44","715502813.52","n/a","n/a","Energy","Oil & Gas Production","http://www.nasdaq.com/symbol/pds",
"PNRG","PrimeEnergy Corporation","50","109470250","n/a","n/a","Energy","Oil & Gas Production","http://www.nasdaq.com/symbol/pnrg",
"PFIE","Profire Energy, Inc.","1.86","90309037.56","n/a","n/a","Energy","Metal Fabrications","http://www.nasdaq.com/symbol/pfie",
"PUMP","ProPetro Holding Corp.","14.62","1214042665.48","n/a","2017","Energy","Oilfield Services/Equipment","http://www.nasdaq.com/symbol/pump",
"QEP","QEP Resources, Inc.","8.31","1998555000","n/a","n/a","Energy","Oil & Gas Production","http://www.nasdaq.com/symbol/qep",
"METC","Ramaco Resources, Inc.","6.31","249303752.41","n/a","2017","Energy","Coal Mining","http://www.nasdaq.com/symbol/metc",
"RRC","Range Resources Corporation","18.86","4679774253.86","n/a","n/a","Energy","Oil & Gas Production","http://www.nasdaq.com/symbol/rrc",
"RNGR","Ranger Energy Services, Inc.","13.16","201076009.12","n/a","2017","Energy","Oilfield Services/Equipment","http://www.nasdaq.com/symbol/rngr",
"RCON","Recon Technology, Ltd.","1.76","17429128.64","n/a","2009","Energy","Oilfield Services/Equipment","http://www.nasdaq.com/symbol/rcon",
"REN           ","Resolute Energy Corporation","30","674369880","n/a","n/a","Energy","Oil & Gas Production","http://www.nasdaq.com/symbol/ren",
"REXX","Rex Energy Corporation","1.92","19109493.12","n/a","2007","Energy","Oil & Gas Production","http://www.nasdaq.com/symbol/rexx",
"RICE","Rice Energy Inc.","28.12","6011988540.12","n/a","2014","Energy","Oil & Gas Production","http://www.nasdaq.com/symbol/rice",
"REI","Ring Energy, Inc.","12.42","672492090.42","n/a","n/a","Energy","Oil & Gas Production","http://www.nasdaq.com/symbol/rei",
"ROSE","Rosehill Resources Inc.","9.3688","335121385.7656","n/a","2016","Energy","Oil & Gas Production","http://www.nasdaq.com/symbol/rose",
"ROSEU","Rosehill Resources Inc.","11.25","0","n/a","2016","Energy","Oil & Gas Production","http://www.nasdaq.com/symbol/roseu",
"ROSEW","Rosehill Resources Inc.","1.2","0","n/a","2016","Energy","Oil & Gas Production","http://www.nasdaq.com/symbol/rosew",
"RDC","Rowan Companies plc","13.1","1653756654.6","n/a","n/a","Energy","Oil & Gas Production","http://www.nasdaq.com/symbol/rdc",
"RES","RPC, Inc.","22.77","4949116356.69","n/a","n/a","Energy","Oilfield Services/Equipment","http://www.nasdaq.com/symbol/res",
"RSPP","RSP Permian, Inc.","33.55","5321207009.8","n/a","2014","Energy","Oil & Gas Production","http://www.nasdaq.com/symbol/rspp",
"SBR","Sabine Royalty Trust","40.85","595566243.25","n/a","n/a","Energy","Oil & Gas Production","http://www.nasdaq.com/symbol/sbr",
"SAEX","SAExploration Holdings, Inc.","1.89","17812369.26","n/a","n/a","Energy","Oil & Gas Production","http://www.nasdaq.com/symbol/saex",
"SSN","Samson Oil & Gas Limited","0.335","5499025.67","n/a","n/a","Energy","Oil & Gas Production","http://www.nasdaq.com/symbol/ssn",
"SJT","San Juan Basin Royalty Trust","7.76","361684256.96","n/a","n/a","Energy","Oil & Gas Production","http://www.nasdaq.com/symbol/sjt",
"SN","Sanchez Energy Corporation","4.02","334247261.7","n/a","2011","Energy","Oil & Gas Production","http://www.nasdaq.com/symbol/sn",
"SNMP","Sanchez Midstream Partners LP","11.9","173765561.2","n/a","n/a","Energy","Oil & Gas Production","http://www.nasdaq.com/symbol/snmp",
"SD","SandRidge Energy, Inc.","18.93","678218701.74","n/a","2016","Energy","Oil & Gas Production","http://www.nasdaq.com/symbol/sd",
"SDT","SandRidge Mississippian Trust I","1.32","36960000","n/a","2011","Energy","Oil & Gas Production","http://www.nasdaq.com/symbol/sdt",
"SDR","SandRidge Mississippian Trust II","1.31","65139750","n/a","2012","Energy","Oil & Gas Production","http://www.nasdaq.com/symbol/sdr",
"PER","SandRidge Permian Trust","2.775","145687500","n/a","2011","Energy","Oil & Gas Production","http://www.nasdaq.com/symbol/per",
"SSL","Sasol Ltd.","28.86","18882386831.88","n/a","n/a","Energy","Oil & Gas Production","http://www.nasdaq.com/symbol/ssl",
"SLB","Schlumberger N.V.","63.15","87432701335.5","n/a","n/a","Energy","Oilfield Services/Equipment","http://www.nasdaq.com/symbol/slb",
"SDRL","Seadrill Limited","0.2949","148760618.172","n/a","n/a","Energy","Oil & Gas Production","http://www.nasdaq.com/symbol/sdrl",
"SDLP","Seadrill Partners LLC","3.66","336067056","n/a","2012","Energy","Oil & Gas Production","http://www.nasdaq.com/symbol/sdlp",
"WTTR","Select Energy Services, Inc.","15.9","1095999561","n/a","2017","Energy","Oilfield Services/Equipment","http://www.nasdaq.com/symbol/wttr",
"SEMG","Semgroup Corporation","26.6","2092506955","n/a","n/a","Energy","Oilfield Services/Equipment","http://www.nasdaq.com/symbol/semg",
"SHLX","Shell Midstream Partners, L.P.","27.08","4804326952.52","n/a","2014","Energy","Natural Gas Distribution","http://www.nasdaq.com/symbol/shlx",
"SBOW","SilverBow Resorces, Inc.","22.51","259462235.32","n/a","n/a","Energy","Oil & Gas Production","http://www.nasdaq.com/symbol/sbow",
"SM","SM Energy Company","18.41","2054986186.47","n/a","n/a","Energy","Oil & Gas Production","http://www.nasdaq.com/symbol/sm",
"SOI","Solaris Oilfield Infrastructure, Inc.","15.3","662042459.7","n/a","2017","Energy","Metal Fabrications","http://www.nasdaq.com/symbol/soi",
"SWN","Southwestern Energy Company","5.38","2739327342.38","n/a","n/a","Energy","Oil & Gas Production","http://www.nasdaq.com/symbol/swn",
"SWNC","Southwestern Energy Company","12.5","0","n/a","2015","Energy","Oil & Gas Production","http://www.nasdaq.com/symbol/swnc",
"SRLP","Sprague Resources LP","25.4","572605585.8","n/a","2013","Energy","Oil Refining/Marketing","http://www.nasdaq.com/symbol/srlp",
"SRCI","SRC Energy Inc.","9.27","1862093664.81","n/a","n/a","Energy","Oil & Gas Production","http://www.nasdaq.com/symbol/srci",
"STO","Statoil ASA","20.43","67307031893.61","n/a","n/a","Energy","Integrated oil Companies","http://www.nasdaq.com/symbol/sto",
"SGY","Stone Energy Corporation","26.94","538776077.28","n/a","1993","Energy","Oil & Gas Production","http://www.nasdaq.com/symbol/sgy",
"SU","Suncor Energy  Inc.","33.33","55220721942.21","n/a","n/a","Energy","Integrated oil Companies","http://www.nasdaq.com/symbol/su",
"SNDE","Sundance Energy Australia Limited","4.2","3068276.4","730542","n/a","Energy","Oil & Gas Production","http://www.nasdaq.com/symbol/snde",
"SUN","Sunoco LP","30.43","3526218175.52","n/a","2012","Energy","Oil Refining/Marketing","http://www.nasdaq.com/symbol/sun",
"SDPI","Superior Drilling Products, Inc.","0.85","20567575.8","n/a","2014","Energy","Metal Fabrications","http://www.nasdaq.com/symbol/sdpi",
"SPN","Superior Energy Services, Inc.","8.85","1354772425.5","n/a","n/a","Energy","Oilfield Services/Equipment","http://www.nasdaq.com/symbol/spn",
"FTI","TechnipFMC plc","24.96","11661853856.64","n/a","n/a","Energy","Metal Fabrications","http://www.nasdaq.com/symbol/fti",
"TELL","Tellurian Inc.","9.79","2064313868.65","n/a","n/a","Energy","Oil & Gas Production","http://www.nasdaq.com/symbol/tell",
"TGC","Tengasco, Inc.","0.63","6687149.49","n/a","n/a","Energy","Oil & Gas Production","http://www.nasdaq.com/symbol/tgc",
"TESO","Tesco Corporation","4.5","210397302","n/a","n/a","Energy","Metal Fabrications","http://www.nasdaq.com/symbol/teso",
"TTI","Tetra Technologies, Inc.","2.63","304811313.94","n/a","n/a","Energy","Oil & Gas Production","http://www.nasdaq.com/symbol/tti",
"TPL","Texas Pacific Land Trust","410.24","3223893192.96","n/a","n/a","Energy","Oil & Gas Production","http://www.nasdaq.com/symbol/tpl",
"THR","Thermon Group Holdings, Inc.","21","680454285","n/a","2011","Energy","Industrial Machinery/Components","http://www.nasdaq.com/symbol/thr",
"TRCH","Torchlight Energy Resources, Inc.","1.14","68641605.9","n/a","n/a","Energy","Oil & Gas Production","http://www.nasdaq.com/symbol/trch",
"TOT","Total S.A.","54.16","136826591081.28","n/a","n/a","Energy","Oil & Gas Production","http://www.nasdaq.com/symbol/tot",
"TPIC","TPI Composites, Inc.","23.44","794289902.72","n/a","2016","Energy","Industrial Machinery/Components","http://www.nasdaq.com/symbol/tpic",
"TAT","Transatlantic Petroleum Ltd","0.79","37704939.88","n/a","n/a","Energy","Oil & Gas Production","http://www.nasdaq.com/symbol/tat",
"TGA","Transglobe Energy Corp","1.58","114084483.02","n/a","n/a","Energy","Oil & Gas Production","http://www.nasdaq.com/symbol/tga",
"TLP","TransMontaigne Partners L.P.","41.55","671500436.1","n/a","2005","Energy","Natural Gas Distribution","http://www.nasdaq.com/symbol/tlp",
"RIG","Transocean Ltd.","9.95","3892556803.05","n/a","n/a","Energy","Oil & Gas Production","http://www.nasdaq.com/symbol/rig",
"TREC","Trecora Resources","12.3","298933222.2","n/a","n/a","Energy","Integrated oil Companies","http://www.nasdaq.com/symbol/trec",
"USEG","U.S. Energy Corp.","1","6134506","n/a","n/a","Energy","Oil & Gas Production","http://www.nasdaq.com/symbol/useg",
"UPL","Ultra Petroleum Corp.","8.04","1578374063.28","n/a","n/a","Energy","Oil & Gas Production","http://www.nasdaq.com/symbol/upl",
"UNT","Unit Corporation","18.34","969940097.28","n/a","n/a","Energy","Oil & Gas Production","http://www.nasdaq.com/symbol/unt",
"EGY","Vaalco Energy Inc","0.739","43466524.909","n/a","n/a","Energy","Oil & Gas Production","http://www.nasdaq.com/symbol/egy",
"VLO","Valero Energy Corporation","77.54","34246624078.72","n/a","n/a","Energy","Integrated oil Companies","http://www.nasdaq.com/symbol/vlo",
"VLP","Valero Energy Partners LP","41.71","2843573285.47","n/a","2013","Energy","Natural Gas Distribution","http://www.nasdaq.com/symbol/vlp",
"VET","Vermilion Energy Inc.","33.8","4103001367.4","n/a","n/a","Energy","Oil & Gas Production","http://www.nasdaq.com/symbol/vet",
"VTNR","Vertex Energy, Inc","0.83","27103762.05","n/a","n/a","Energy","Integrated oil Companies","http://www.nasdaq.com/symbol/vtnr",
"VNOM","Viper Energy Partners LP","18.63","2121280451.55","n/a","2014","Energy","Oil & Gas Production","http://www.nasdaq.com/symbol/vnom",
"VOC","VOC Energy Trust","3.5992","61186400","n/a","2011","Energy","Oil & Gas Production","http://www.nasdaq.com/symbol/voc",
"WTI","W&T Offshore, Inc.","3.14","432760276.16","n/a","2005","Energy","Oil & Gas Production","http://www.nasdaq.com/symbol/wti",
"HCC","Warrior Met Coal, Inc.","27.42","1465456690.2","n/a","2017","Energy","Coal Mining","http://www.nasdaq.com/symbol/hcc",
"WFT","Weatherford International plc","3.54","3501184073.46","n/a","n/a","Energy","Metal Fabrications","http://www.nasdaq.com/symbol/wft",
"WNRL","Western Refining Logistics, LP","24.05","1467609835.9","n/a","2013","Energy","Natural Gas Distribution","http://www.nasdaq.com/symbol/wnrl",
"WLB","Westmoreland Coal Company","2.26","42357243.18","n/a","n/a","Energy","Coal Mining","http://www.nasdaq.com/symbol/wlb",
"WMLP","Westmoreland Resource Partners, LP","3.0699","3944330.316","n/a","2015","Energy","Coal Mining","http://www.nasdaq.com/symbol/wmlp",
"WPRT","Westport Fuel Systems Inc","3.55","462565678.05","n/a","n/a","Energy","Industrial Machinery/Components","http://www.nasdaq.com/symbol/wprt",
"WLL","Whiting Petroleum Corporation","5.1","1877337009.6","n/a","2003","Energy","Oil & Gas Production","http://www.nasdaq.com/symbol/wll",
"WRD","WildHorse Resource Development Corporation","12.78","1292509134","n/a","2016","Energy","Oil & Gas Production","http://www.nasdaq.com/symbol/wrd",
"WG","Willbros Group, Inc.","3.17","200667609.45","n/a","1996","Energy","Oilfield Services/Equipment","http://www.nasdaq.com/symbol/wg",
"WWD","Woodward, Inc.","81.36","4988714996.16","n/a","n/a","Energy","Industrial Machinery/Components","http://www.nasdaq.com/symbol/wwd",
"INT","World Fuel Services Corporation","35.9","2458831315.7","n/a","n/a","Energy","Oil Refining/Marketing","http://www.nasdaq.com/symbol/int",
"WPX","WPX Energy, Inc.","10.62","4225211890.74","n/a","2011","Energy","Oil & Gas Production","http://www.nasdaq.com/symbol/wpx",
"WPXP","WPX Energy, Inc.","49.58","0","n/a","2015","Energy","Oil & Gas Production","http://www.nasdaq.com/symbol/wpxp",
"YPF","YPF Sociedad Anonima","22.96","9030461727.28","n/a","1993","Energy","Integrated oil Companies","http://www.nasdaq.com/symbol/ypf",
"YUMA","Yuma Energy, Inc.","0.955","21162425.64","n/a","n/a","Energy","Oil & Gas Production","http://www.nasdaq.com/symbol/yuma",
"ZN","Zion Oil & Gas Inc","2.87","148989029.98","n/a","n/a","Energy","Oil & Gas Production","http://www.nasdaq.com/symbol/zn",
"ZNWAA","Zion Oil & Gas Inc","n/a","0","n/a","n/a","Energy","Oil & Gas Production","http://www.nasdaq.com/symbol/znwaa",
